customer_id,first_name,last_name,email,address,city,state,zip_code,registration_date
1,Danielle,Johnson,john21@example.net,600 Jeffery Parkways,New Jamesside,MT,29394,2025-02-03
2,Joshua,Booth,helenpeterson@example.org,1161 Abbott Rapids,Lindsaymouth,ND,16862,2026-02-21
3,Nicholas,Arnold,barbara10@example.net,1316 Chavez Village,Franciscostad,IL,88342,2024-09-23
4,Sharon,Wong,amandasanchez@example.com,8350 Lydia Valley Suite 641,New Nancy,MD,28370,2025-07-04
5,Randall,Rocha,ithomas@example.org,969 Cox Dam Suite 101,Lake Ernest,TX,55834,2025-05-21
6,Paul,Carlson,jrice@example.org,845 Kelly Estate,Smithview,NY,23917,2025-03-18
7,Daniel,Garrett,ericfarmer@example.net,570 Sarah Wells,Johnbury,FM,74865,2026-02-02
8,Christopher,Tucker,spenceamanda@example.org,782 Rose Rest,Brandtside,WV,96174,2025-07-29
9,Jennifer,Ross,samuel87@example.org,15098 Brianna Avenue,Lake Crystalbury,CA,04618,2025-11-30
10,Chad,Young,ilewis@example.net,76311 Gomez Loop Suite 010,Chandlerville,IA,25613,2024-07-29
11,Shane,Henderson,steven17@example.net,80132 Tucker Forest,Barreraburgh,MS,00783,2026-03-02
12,Joseph,Bowers,smitchell@example.net,34309 Julie Centers Apt. 978,North Susan,CO,24857,2024-05-01
13,Carlos,Hensley,kwilson@example.org,169 Donovan Ford,Johnfurt,DC,88540,2025-06-26
14,Stephen,Hickman,smithchristine@example.net,83842 Ibarra Gardens,Justinmouth,MP,71701,2025-08-08
15,Cheryl,Archer,contrerasangela@example.net,41182 Campbell Fords,Jamesview,NY,64533,2024-09-11
16,Rebekah,Williams,ccalderon@example.org,42786 Daniel Spurs Apt. 805,South David,ME,48296,2025-12-29
17,Laura,Valencia,jason31@example.com,232 Nicole Burg Apt. 563,Erikville,MS,05576,2025-11-29
18,Jeffrey,Velasquez,ybailey@example.org,36541 Bell Pass,Frazierside,MA,04118,2024-06-04
19,Tara,White,benjamin96@example.com,9816 Jonathan Station Suite 088,West Ryan,TN,43780,2025-06-10
20,Elizabeth,Martinez,william65@example.com,236 Byrd Extensions Suite 680,Justinchester,WY,76520,2025-05-29
21,Marco,Ramos,williamleon@example.net,148 Davis Terrace,Lake Lance,AS,26601,2024-06-27
22,Brandon,Riggs,gibsonolivia@example.net,676 Dylan Spurs,Port Michelleville,WI,56225,2024-08-18
23,Linda,Dominguez,pwilliams@example.org,78895 Salazar Stravenue Suite 872,Colebury,MP,84080,2024-09-30
24,Kimberly,Washington,joshuajones@example.com,5581 Edward Lights,Lake Jason,MT,53925,2024-11-08
25,Steven,Brown,xprice@example.net,670 Evans Loaf,Medinaside,AS,79570,2025-12-28
26,Tracy,Nelson,vjohnson@example.net,272 Rebecca Ramp Apt. 162,Whiteview,MS,43407,2024-08-13
27,Mark,Juarez,aramirez@example.com,0805 Debra Tunnel,Port Anthonybury,ID,03172,2025-06-09
28,John,Wells,elliottjeffery@example.net,2991 Tami Coves Apt. 496,Davidborough,CA,78108,2025-07-29
29,Courtney,Garcia,melissa91@example.net,8651 Smith Manor,Garciastad,SC,60759,2025-08-11
30,Ryan,Gross,christina87@example.com,945 Mariah Corners Suite 737,Rogersfort,PR,43101,2024-07-22
31,Jason,Salinas,joshua94@example.net,313 Freeman Trace,Lake Thomas,VT,64833,2025-02-02
32,Andre,Phillips,tholt@example.net,8856 Bell Motorway Suite 443,Lake Jamesville,WA,70737,2026-02-05
33,Hannah,Lee,lhill@example.net,34352 Smith Place Apt. 400,Heidiberg,SC,99170,2025-03-05
34,Monique,Andrews,vmendoza@example.org,7116 Jones Roads,East Edwardshire,ME,11665,2026-03-08
35,David,Duran,kimberlyjames@example.com,649 Chelsea Streets Apt. 334,East Johnside,CA,21018,2024-03-13
36,Shannon,Wheeler,antonio44@example.net,34936 Amy Rue Apt. 421,East Laurashire,PW,38329,2025-01-27
37,Taylor,Torres,gbender@example.net,1906 Munoz Burg Apt. 399,Port Emilyview,OK,05774,2025-09-20
38,Gregory,Stone,lmoon@example.net,717 Ortiz Islands Apt. 256,Robertsfurt,GU,72603,2024-04-07
39,Christopher,King,cordovarichard@example.net,876 Jacob Lake,Garrettton,IL,35504,2025-04-17
40,Sara,Kim,omartinez@example.net,248 Andrea Course,Port Robin,NH,15897,2025-06-28
41,Eric,Cantu,william46@example.com,78263 Michelle Harbor Suite 584,West Jessicashire,OR,87000,2025-03-04
42,Edgar,Ryan,martin86@example.com,39636 Louis Mountains Suite 627,East Wayneshire,MA,13655,2025-12-11
43,Scott,Fox,jsmith@example.com,74596 Melissa Walk,Finleyfort,VI,71413,2024-04-07
44,Casey,Welch,wendy16@example.org,2400 Flynn Hill,Nicholasberg,IA,70122,2025-01-07
45,Erin,White,christianpitts@example.net,9237 Stevens Shores,Port Stevenport,TX,72144,2024-07-05
46,Scott,Reed,danielle64@example.com,67136 Andrews Squares Suite 064,New Michelleton,PW,79983,2025-09-07
47,Marissa,Leach,catherinegomez@example.net,421 Kyle Mill,New Michaelberg,CO,39181,2024-11-05
48,Robert,Gonzalez,alyssa42@example.com,5171 Karen Fork Suite 851,Smithside,DE,60110,2024-12-06
49,Kaitlyn,Baker,xcarson@example.org,0985 Deborah Roads,Blankenshipport,SD,54017,2024-06-05
50,Brandon,Johnson,pwilson@example.net,7586 Nicole Shoal,Port Tracychester,KY,04789,2025-07-29
51,Jeff,Wallace,melissagarcia@example.net,506 Lopez Crossing Suite 139,North Kristinbury,DC,74501,2024-08-09
52,Maria,Spencer,lisahall@example.org,2284 Daniel Way,East Alexisbury,OR,42938,2024-03-23
53,Joseph,Martinez,vfox@example.org,5891 Gordon Ridges Apt. 847,North Yolandafurt,NE,90429,2024-05-29
54,Jennifer,Wallace,morriseddie@example.org,985 Vang Pines Suite 789,Garciaville,PR,86315,2025-06-30
55,Kayla,Le,russellbeasley@example.com,6615 Edwards Glens Suite 271,Port Christopherchester,CT,98095,2025-09-03
56,Lisa,Hawkins,elizabeth65@example.net,049 Bell Ports Apt. 273,West Meganstad,DE,37013,2025-05-05
57,Lindsay,Bruce,lynchdiane@example.net,24455 Howard Divide Suite 120,Lake Alyssafurt,MT,59961,2024-11-16
58,Mitchell,Griffith,wareeric@example.net,147 Tucker Mills,Nelsonhaven,DE,45743,2025-01-20
59,Justin,Gregory,trose@example.org,9003 Dougherty Trafficway,Port Jonathan,MD,16227,2024-03-17
60,Julie,Thompson,opatel@example.net,60607 Michelle Ports Suite 966,Dariustown,MD,23028,2025-10-18
61,Christine,Collier,christopher13@example.com,164 Walker Tunnel Apt. 181,Port Michael,VA,85100,2025-10-28
62,Joel,Thomas,glennhernandez@example.net,77997 Lin Road,Edwardland,NJ,58462,2025-06-16
63,Laura,Vargas,william47@example.com,54119 Ford Plaza,South Reginashire,SD,25173,2024-11-02
64,Thomas,Hernandez,hayeslisa@example.com,203 Ritter Pine,West Nathan,LA,51280,2025-01-04
65,Matthew,Harper,cameron18@example.net,4925 Brandi Divide Suite 462,West Angelicamouth,GU,17251,2025-07-14
66,Maria,Rodgers,lucasrodney@example.com,4235 Lee Dam,North Kenneth,WY,13757,2025-03-18
67,Amber,Rodgers,stanleynancy@example.net,622 Marie Trail,Lake Samuel,MT,48250,2025-07-19
68,John,Wallace,karen73@example.net,7359 Murray Haven,Shawchester,GA,26675,2025-10-18
69,Devon,Wright,jsawyer@example.org,1247 Mariah Course,Port Shannon,MI,03996,2025-01-09
70,Randy,Brooks,xvang@example.org,1522 Justin Village,Hortonberg,WV,92977,2025-02-17
71,Christina,Bullock,scottmary@example.net,43410 Robert Underpass Suite 117,Lake Zacharybury,VT,19319,2024-10-10
72,Aaron,Gomez,qlopez@example.org,88888 Peter Mountains Apt. 654,West Kristinastad,IA,96569,2025-07-05
73,Dale,Perkins,dennis58@example.com,772 Bryan Trail,Johnsonborough,AZ,26645,2025-12-19
74,Leslie,Collins,ihays@example.com,34505 Martinez Land Suite 676,Terrifort,UT,65712,2024-12-05
75,Laura,Adams,acostachristian@example.net,451 Mark Hill,Seanchester,GA,90909,2025-01-30
76,Sergio,Acosta,christina64@example.net,65820 Melinda Springs,Johnsonland,IA,85063,2024-12-04
77,Patrick,Bradley,erikarush@example.com,92856 Banks Gateway Apt. 027,Mcintyreville,KS,34617,2025-08-08
78,Jason,Carr,igonzalez@example.org,71551 Vance Vista Apt. 258,North Tracie,WY,18703,2024-09-01
79,Troy,Ward,tanner82@example.net,46786 Morrow Cliffs,West Dawn,NV,61558,2025-07-22
80,Melvin,Humphrey,katrinaanderson@example.net,82422 Donovan Fork,Staceyhaven,MH,37731,2025-11-20
81,John,Reid,david49@example.net,299 George Road,Meganshire,AZ,04219,2024-05-10
82,Stacy,Wise,debra96@example.net,8447 Linda Spur,Evansland,UT,08353,2024-07-05
83,Robert,Marshall,catherine55@example.net,2588 Luis Mountain Apt. 473,North Brent,MS,81159,2025-01-11
84,Sydney,Barrera,sarah53@example.org,774 Johnson Lock Suite 339,Brandonport,NM,78818,2025-12-16
85,Destiny,Ruiz,booneryan@example.com,5060 Michael Heights Apt. 687,Marciaville,DC,13173,2024-12-24
86,Laura,Morgan,kari39@example.net,000 Jennifer Unions Suite 872,West Sarah,MD,21800,2024-12-24
87,Christina,Kirby,william88@example.com,0551 Silva Underpass Apt. 974,Lake Brett,NJ,22850,2025-03-30
88,Jennifer,Hampton,rhernandez@example.org,130 Edwards Drive,Vaughnchester,NY,80648,2026-01-13
89,Monique,Fitzgerald,thorntonapril@example.net,786 Frye Mount Suite 854,Leebury,KY,73650,2024-10-16
90,Shelly,Hendrix,janet75@example.com,441 Huang Locks Suite 240,Stephanieland,MI,58484,2025-07-04
91,Julie,Lewis,sarah42@example.org,08330 Robert Stravenue,Garciaberg,AL,72636,2026-02-24
92,Eric,Delgado,mwoods@example.com,0193 Robin Extensions Suite 206,Lopezport,FM,05411,2024-03-18
93,Ashley,Rodriguez,justin88@example.com,743 Mark Street,Wongburgh,AL,97050,2024-11-13
94,Kenneth,Craig,gregorychase@example.com,516 Jack Dam Suite 530,Patrickmouth,WV,35496,2026-02-07
95,Kevin,Sharp,greenmichael@example.org,174 Richard Parkway,Hannahport,MN,81061,2024-08-20
96,Susan,Mendoza,madkins@example.com,878 Kathleen Springs Apt. 878,Christianshire,DE,08595,2025-11-07
97,Rebecca,Harris,franklinbond@example.com,397 Rachel Mission,South Davidchester,NH,74413,2024-04-23
98,Steven,Roman,fosterlisa@example.net,106 Graves Plains,North Valeriefort,AZ,38130,2025-01-04
99,Kayla,Cannon,ybrooks@example.com,1825 Gregory Plain Suite 823,Port Andrewport,NH,88777,2025-08-19
100,Roger,Gray,johnreed@example.com,106 John Cliff,New Arthurton,IA,97565,2024-04-13
101,Scott,Fernandez,taylorvictoria@example.org,953 Walter Shore Apt. 644,New Stacyburgh,SC,89466,2025-01-18
102,Tyler,Compton,ufloyd@example.net,2462 Allen Fork Suite 270,Faulknerside,NC,18076,2024-12-20
103,Jonathan,Rivera,nielsenmelanie@example.org,46990 Jacob Trace,South Jason,PW,44143,2024-10-19
104,Regina,Lewis,suzannewilson@example.com,936 Andrea Trail,Oscarside,SD,47589,2024-10-23
105,Michael,Andrade,ugarcia@example.com,55609 Joyce Brook Suite 899,Phillipsborough,MA,30650,2024-12-14
106,Martha,Porter,jonathan77@example.com,522 White Plains,New Arthurland,GU,88085,2024-04-16
107,Adam,Taylor,carloshernandez@example.org,0997 Smith Place Suite 008,Amandaport,AK,66327,2025-10-27
108,Emily,Drake,danieldavis@example.org,98454 Miller Lodge,Cunninghambury,ME,90159,2025-11-07
109,Christopher,Frey,davisnicholas@example.net,02176 Knight Walks Apt. 803,Port Heather,OK,62825,2024-09-26
110,Sandra,Cohen,rachel90@example.org,39261 Martin Garden Suite 856,Port Vanessa,VA,10780,2025-03-13
111,Terri,Brown,ehall@example.com,0477 Michael Lane Suite 296,Port Christinebury,VT,10135,2024-05-10
112,Eric,Dawson,jodistewart@example.org,47541 Christopher Meadows,Hawkinshaven,MT,14039,2024-03-31
113,Michael,Davis,michelle04@example.com,83982 Jackson Grove Suite 472,East Ryanchester,ME,63970,2025-10-05
114,Michael,Raymond,mwheeler@example.com,40659 Brock Isle,Cookberg,ME,42531,2025-05-26
115,Heather,Mendoza,tamaranovak@example.com,356 Velasquez Lock Suite 193,Lake Katrina,AK,95818,2025-02-12
116,Jeanette,Gonzales,marie16@example.net,43426 Jones Rapid Suite 968,Stephensstad,UT,70874,2025-05-20
117,Robin,Rodriguez,dianekelly@example.net,656 Alex Green,New Julie,OH,76590,2025-07-27
118,Jeffrey,Brooks,lbarton@example.net,0714 Knapp Corner,Port Sheliaberg,MI,41381,2024-11-17
119,Kristen,Boyd,thomas77@example.com,0105 Erica Expressway,New Greg,GA,43884,2025-04-25
120,Susan,Hall,lsoto@example.net,0937 Price Squares Apt. 341,Port Monicaburgh,MN,43228,2024-08-03
121,Daniel,Lambert,orose@example.com,691 Bell Mount Apt. 499,Lake Dennisville,IA,40527,2024-06-05
122,Nathaniel,Thomas,ibarnes@example.net,2782 Tracy Dam Apt. 579,Port Michaeltown,NM,18396,2024-08-01
123,Patrick,Hoffman,fortiz@example.com,2190 Kelly Harbor Apt. 842,Cunninghamfort,OH,67453,2024-06-02
124,Danny,Hampton,amber07@example.net,1340 Baker Wall,South Michelleville,WI,31557,2024-08-12
125,Joan,Norris,imartin@example.org,95849 Mario Squares,Keithview,PR,67926,2026-03-02
126,Erin,Davis,rsellers@example.net,232 Poole Trace,Burnsshire,SC,35722,2025-06-13
127,Nicholas,Jones,powellkara@example.net,7590 Jessica Mount Suite 186,South Mallory,NM,35698,2024-11-03
128,Justin,Kelley,ashleewashington@example.com,17012 Bryant Meadow,Lake Regina,FM,85697,2024-10-18
129,Nancy,Mcdowell,penajohn@example.com,64361 Aaron Neck,East Brittneyhaven,TX,58836,2024-03-18
130,Heather,Montoya,ebenson@example.org,1115 Ibarra Dam,Ayalaberg,SD,89254,2024-06-24
131,Alyssa,Smith,scottbowen@example.net,9731 Donald Crossing,Bellchester,MD,18828,2024-09-09
132,Deanna,Wright,kimberly04@example.org,640 Troy Creek,South Danielle,CA,69744,2025-12-21
133,Alexander,Ward,david96@example.com,1091 Jose Canyon,Port Raymondport,SC,93906,2025-03-13
134,Robert,Miles,davidsonamanda@example.org,41832 Myers Roads Apt. 463,East Christopherchester,DE,59925,2025-06-02
135,Brian,Wade,davidzimmerman@example.net,75884 Nathan Summit,Jessicaville,WI,04348,2024-11-11
136,Ruben,Warren,jennifer91@example.com,507 Michael Glens Apt. 913,North Micheletown,IA,06527,2025-02-19
137,Patrick,Hernandez,tranrobin@example.net,53654 Ashley Crest Apt. 238,South Caseymouth,VI,37503,2025-09-28
138,Lance,Miller,msmith@example.com,937 Vargas Park Apt. 832,South Andrewside,MI,83855,2025-11-15
139,Natalie,Tapia,blakenicholas@example.net,38367 Teresa Divide Suite 103,Haynesstad,NH,98529,2024-05-13
140,Cody,Anderson,kjones@example.org,234 Rosales Unions Suite 557,Jesusborough,DC,77139,2024-05-30
141,Daniel,Cole,richard85@example.org,7411 Lindsey Hollow Apt. 352,Lake Johnstad,MO,67801,2024-04-16
142,Kent,Wilkins,anthonysullivan@example.com,71210 Maria Forges,East Madison,MN,90453,2025-06-15
143,Deanna,Aguilar,samantha10@example.org,721 Martinez Mountain,East Sandrachester,GU,95453,2024-12-25
144,Anthony,Vega,michaelodonnell@example.com,2099 Deborah Parks Suite 870,West Patrickchester,ID,84734,2025-12-18
145,Alicia,Mccoy,mayokimberly@example.com,759 Price Falls Apt. 593,Port Kimberlyton,AS,62325,2025-04-03
146,Katie,Key,craigsandoval@example.com,96522 Brittany Valley,Robintown,VT,92324,2024-11-24
147,Ashley,Thomas,marycochran@example.com,70103 Andrew Neck Apt. 593,West Jennifer,PW,42914,2024-04-24
148,Dylan,Bush,kimmathis@example.com,6915 Morris Estate,Connerfort,SD,42087,2024-07-17
149,Tanya,Steele,jeffrey92@example.com,422 Stacy Ports Suite 902,Samanthabury,SC,74628,2024-05-27
150,Tyler,Rivera,youngtoni@example.org,570 Clark Square,West Jonathanville,VA,00668,2024-04-16
151,Samuel,Barnes,nicolesnyder@example.com,617 Francisco Cliffs Apt. 405,Stephanieland,MA,22797,2025-12-21
152,Eugene,Jones,morgantricia@example.com,2962 Craig Ford,South Heidi,VA,96180,2025-04-10
153,Donna,Evans,williamsashley@example.com,50614 Gonzalez Burg,East Danielle,CO,62572,2025-11-18
154,Kyle,Sanders,qjacobson@example.org,56527 Jose Mountain Suite 349,East Karenville,CO,88075,2024-11-18
155,Amber,Arellano,angelarandall@example.net,793 Evans Locks Apt. 898,North Stacy,NV,23160,2026-02-03
156,Gary,Lewis,davidhenderson@example.net,29451 Paul Locks Suite 487,Port Isabellashire,NC,55498,2024-06-02
157,Edward,Knight,buckleyanna@example.org,564 Pena Ports Suite 024,Thomasfurt,AZ,52378,2025-12-22
158,Martin,Young,xmccall@example.org,4471 Dennis Summit Suite 546,East Scottchester,WA,64000,2025-09-18
159,Michelle,Nicholson,cameronmckinney@example.com,902 Nancy Flats,East Antonioton,PW,47736,2025-08-09
160,Joshua,Colon,hreid@example.net,57972 Matthews Keys,Frankview,WA,90790,2024-05-17
161,Anthony,Williams,mercedesholland@example.net,6800 Buck Rue,New Lauren,IN,33582,2025-05-30
162,Sherry,Marquez,rodney65@example.com,74896 Adrian Shore Suite 899,Kennethville,NJ,08868,2024-11-12
163,Joshua,Nguyen,jose43@example.org,96520 Bright Green,Sullivanton,OR,93309,2026-03-09
164,Lisa,Cooper,ginalittle@example.com,428 Kelly Mountains Apt. 482,Destinybury,MI,29773,2025-09-07
165,Kurt,French,nathan94@example.com,0999 Thomas Fields,Port Erinhaven,ME,54647,2024-04-20
166,Melissa,Taylor,matthewbenitez@example.com,2175 Lawrence Centers,South Joshuaburgh,OK,21267,2025-03-04
167,Kathryn,Miller,zschultz@example.com,0083 Dodson Islands Apt. 003,Lake Natalie,ME,17400,2024-05-26
168,Wesley,Torres,colonkenneth@example.com,898 Hamilton Spur Apt. 575,East Stacy,PW,53374,2024-03-25
169,Jeffrey,Mercer,jessicalawrence@example.org,0648 Brittney Causeway,Lake Maryton,UT,15677,2025-01-10
170,Omar,Kelley,nmiles@example.net,6184 Robert Cove,West Danielville,NM,26538,2025-05-31
171,Kimberly,Decker,michaelortiz@example.org,737 Young Bridge,North Maryfort,FL,12308,2025-10-02
172,Charles,Cummings,dawn74@example.com,12045 Simmons Crescent Apt. 002,West Michael,NV,82002,2024-09-24
173,Jessica,Watson,ian66@example.com,7621 Heather Circle Apt. 169,Phammouth,HI,80628,2024-12-14
174,Michael,Johnson,timothyfreeman@example.com,14508 Tiffany Skyway Suite 889,South Dorothybury,NJ,45819,2025-07-10
175,Darlene,Hernandez,smithsarah@example.net,2175 Mark Harbors Apt. 838,Powellbury,CO,60675,2025-01-30
176,Ashley,Miller,hwest@example.com,66088 Margaret Turnpike,Pamelaside,IL,86300,2025-07-15
177,Stephanie,Cox,velasquezmegan@example.com,571 Katherine Forges Apt. 554,Jacquelineton,MH,22017,2025-03-06
178,Lydia,Newton,nrodriguez@example.org,63735 Katherine Cape,Port Patriciamouth,TN,77743,2026-02-08
179,Dennis,Porter,tranryan@example.net,292 Dale Shoals Suite 866,West Raymond,MA,39058,2025-02-06
180,Dennis,Gutierrez,megan85@example.net,39452 William Square,Jenniferstad,OH,63464,2025-05-12
181,Sherri,Mckinney,natalie60@example.net,62003 Christensen Estates,Francesberg,MP,08631,2025-07-29
182,Kenneth,Molina,howardshaun@example.net,863 Schwartz Causeway,Hughesmouth,OH,07552,2024-03-21
183,John,Oliver,ogreer@example.net,893 Kelly Fall Apt. 228,South Billyview,OH,35135,2024-06-15
184,Brandy,Scott,steven20@example.org,094 Tyler Plaza Suite 158,East Abigail,WY,66710,2024-07-06
185,Amy,Powell,jeffrey35@example.com,3987 Danny Key Suite 399,North Felicia,MD,50488,2026-01-10
186,Sierra,Cruz,angel85@example.net,0435 Stacy Expressway Apt. 133,Houstonborough,ND,92610,2025-12-14
187,Judith,Graham,burgesseric@example.com,11024 Bailey Forks Suite 667,Hamiltontown,MS,88751,2024-06-06
188,Adam,Cortez,avilabrenda@example.net,8144 Juan Mill,Fostertown,NJ,20990,2025-04-05
189,Derek,Myers,susan24@example.net,88210 Ashley Lock Apt. 435,South Rebecca,PR,67682,2024-06-24
190,Jack,Jensen,james29@example.org,814 John Flat Suite 552,North Justin,CA,25863,2024-10-30
191,Shannon,Jensen,heather29@example.net,6205 Kristen Station Suite 452,Nataliemouth,NV,47521,2025-09-29
192,Tony,Rodriguez,wilkinsonmichele@example.org,1108 Lisa Prairie,Hammondborough,PW,05305,2025-04-19
193,Amy,Lutz,jvaldez@example.com,94278 Randy Parkway Apt. 392,South Erik,OK,74663,2025-07-07
194,Tammy,Fitzgerald,ccrosby@example.org,14530 April Turnpike Suite 677,North Tinamouth,CT,92741,2026-02-17
195,Cynthia,Hill,beth92@example.com,9184 Kaufman Fork Suite 557,Eatontown,NY,18715,2025-01-27
196,Jerry,Robertson,jason22@example.com,365 Timothy Neck,Clarkburgh,SD,54358,2024-03-28
197,Bradley,Berry,dennishunt@example.net,24286 Natalie Stream,Staceyborough,NV,79999,2026-03-07
198,Michelle,Jackson,yburke@example.net,842 Nielsen Ranch,East Nicholasberg,CT,02671,2024-08-06
199,Michele,Gordon,mserrano@example.org,9908 Christopher Shoals,New Amber,AL,89441,2025-06-29
200,Alexa,Wood,wolferoy@example.com,9916 Jonathan Trafficway Apt. 149,Scotttown,VT,97972,2025-10-10
201,Becky,Wilson,brooksjamie@example.com,1269 Green Plain Suite 959,Victoriafurt,WV,27199,2025-01-08
202,Kristen,Olson,angie74@example.com,621 Sean Squares Apt. 138,Hartmanside,RI,91865,2025-07-25
203,Brett,Price,brockmadeline@example.com,14351 Jenny Locks Suite 902,Gonzalesborough,PR,86600,2026-01-21
204,April,Lee,christinacraig@example.com,021 Chan Knoll,Sullivanborough,NC,02515,2025-09-01
205,Casey,Davis,jessica89@example.com,3937 Andrews Green Apt. 681,New Kellyville,AS,67778,2026-02-09
206,Nancy,Li,heather69@example.com,7790 Wilson Cliff,Schultzbury,TX,92405,2024-08-27
207,Leslie,Moses,haynesjose@example.com,5182 Edwards Forge,Ianborough,NM,97115,2024-08-04
208,Jill,Salas,jermaineconley@example.net,11179 Kathryn Plains Apt. 759,Travisshire,VI,36510,2025-03-05
209,Tracey,Moon,raymond92@example.org,8085 Dalton Trail Apt. 718,Stewarttown,AL,88857,2024-08-13
210,Bianca,Nguyen,jacob43@example.com,552 Coleman Manor Suite 564,Whiteberg,OK,90417,2024-08-26
211,Cory,Nelson,angelachase@example.org,270 Robert Dale,Kristenport,KS,74181,2025-11-29
212,Brandon,Garcia,briancervantes@example.com,5455 Cooper Loop,West Michelleborough,OK,75984,2025-06-30
213,Amanda,Krause,michael87@example.net,69472 Danielle Junction Suite 996,North Fernandobury,MD,42034,2025-07-02
214,Jennifer,Jacobs,cnelson@example.com,2202 Ebony Summit Apt. 326,North Calebfort,OH,07556,2024-03-31
215,Randy,Hubbard,garciachristine@example.org,3347 David Villages Apt. 005,Michellemouth,VI,71356,2026-01-24
216,Amy,Taylor,brittanybryant@example.net,845 Fernandez Valley Apt. 745,Greenport,AL,00513,2025-03-29
217,Katherine,Taylor,taylor07@example.com,64930 Lopez Points Suite 632,Claytonbury,KS,10883,2025-01-14
218,John,Duran,justin84@example.com,22417 Nelson Road,Lopeztown,FL,07006,2026-02-18
219,Andrew,Compton,joseph70@example.org,07356 Floyd Parks,Steventon,MA,11016,2025-11-18
220,Stephanie,Brown,ejones@example.org,6013 Wise Mills,Lake Virginia,ID,60903,2025-08-31
221,Clifford,Wade,thomasmaldonado@example.com,08814 Little Flat Suite 031,Lake Ryan,AL,22437,2025-10-13
222,Brenda,Foster,albertwilliams@example.net,925 John Parks Apt. 950,West Deannaside,WY,14577,2024-06-11
223,Jesse,Holden,linda73@example.org,2407 Hansen Plains Suite 392,Mariomouth,KY,78971,2026-01-09
224,Angela,Jones,shannonweiss@example.net,0862 Christine Lakes Apt. 518,Leefort,WI,72782,2024-07-02
225,Justin,Ortiz,daniel81@example.org,03173 Anthony Row,Barretthaven,RI,92423,2025-05-17
226,Brandon,Walker,smithsamantha@example.net,70586 Bauer Centers Suite 801,Christianborough,NC,13230,2024-05-24
227,Jerry,Cruz,aliciawright@example.net,861 Craig Squares,Andradeburgh,WY,24145,2025-04-18
228,William,Sandoval,umahoney@example.net,6659 Anna Forest Suite 845,Westfurt,AL,95700,2024-04-06
229,Justin,Smith,victoriaturner@example.com,50488 Clinton Mount,Ericview,MN,76805,2024-09-10
230,Jonathan,Evans,ncarroll@example.net,572 Petersen Spurs,New Dawnton,VA,76035,2024-12-15
231,Kimberly,Weeks,michael66@example.org,906 Kevin Canyon,Amberberg,MD,66351,2025-08-04
232,Eric,Nunez,wmaddox@example.net,64622 Miller Ports,New Raymondland,MO,66275,2025-01-23
233,Heidi,Gill,fhansen@example.com,983 Charles Trail,Morrisshire,CO,15250,2025-07-16
234,Rodney,Bailey,melvin04@example.org,792 Williams Viaduct Apt. 352,North Jodibury,RI,19857,2025-12-07
235,Lori,Smith,torresthomas@example.com,833 Dunn Road,Lake Holly,AK,49863,2025-05-12
236,Elizabeth,Williams,briangonzalez@example.net,70164 Lin Brook Suite 636,West Toddside,CO,24935,2024-08-04
237,Tammy,Castro,williamssandra@example.com,6205 Kelly Hollow Apt. 840,Natashatown,OH,37226,2024-08-23
238,Matthew,Long,christopherreyes@example.net,3926 Browning Isle,Danielsborough,SD,18664,2025-05-10
239,Gabriella,Harris,kylethornton@example.net,2925 Angela Stravenue,East Lonnieberg,VA,04365,2025-09-22
240,Nicole,Gutierrez,vturner@example.net,31220 Obrien Ridge Apt. 933,West Christopherfort,DC,66341,2025-11-20
241,Taylor,Banks,melissahenry@example.org,30604 Walker Skyway,Port James,HI,58078,2025-12-05
242,Tracy,Nguyen,bclay@example.com,656 Abigail Mission,Wilcoxton,FM,32708,2025-03-26
243,Randall,Moss,oblack@example.org,7644 Jackson Hill,Lake Zacharyberg,NH,85186,2025-02-05
244,Jennifer,Wilson,phillipmorris@example.org,9371 Nguyen Run,Lake Jessica,CO,15464,2025-08-10
245,Cynthia,Miller,gacosta@example.net,8602 Cunningham Shoals,East Misty,HI,93830,2024-04-18
246,Kyle,Cross,lroberts@example.org,09407 Foley Plains,New Nicolebury,IL,77684,2025-07-07
247,Shawn,Ramos,sanchezamy@example.net,22050 Melissa Shores,Markland,AR,14773,2025-01-10
248,Gregory,Powers,tammycurry@example.com,45561 Bridges Circles,Thomasville,UT,36469,2024-11-07
249,Robert,Clark,cherylrodriguez@example.net,9469 Green Ports,Sarashire,NM,68619,2025-08-27
250,Tyler,Morton,jeanettekrause@example.org,71396 Williams Keys,North Danielle,UT,37414,2024-09-13
251,Carlos,Evans,katie15@example.com,990 James Village Suite 770,South Eric,NH,70882,2025-12-26
252,Steven,Olsen,conleykevin@example.net,803 Marsh Underpass Suite 124,West Tonyaside,MP,22254,2025-05-03
253,Perry,Larson,janet50@example.com,73574 Alicia Extensions Apt. 503,South Williamfort,MH,66044,2024-07-02
254,Matthew,Webb,kimberly21@example.net,07681 Larry Cape,West Steventon,CT,68734,2025-09-23
255,Julie,Johnson,danielle35@example.org,4857 Joseph Estate,Dannyside,NY,13919,2024-08-10
256,Michael,Flores,sherrybrock@example.net,14958 Williams Burgs,Bergerton,CT,50780,2024-04-20
257,Ronald,White,tjensen@example.com,817 Christopher Unions,Davisport,TX,84966,2025-08-13
258,Steven,Hall,douglashuang@example.com,2557 Johnson Mountains Apt. 577,West Katrina,PA,75825,2024-06-13
259,Dakota,Roth,nguyendebra@example.com,9639 Amy Orchard Suite 153,Muellerchester,OK,45353,2025-04-14
260,Joel,Bates,stevensonjennifer@example.com,975 Lynn Fall,Stephanieland,PA,14754,2025-07-26
261,Candace,Wilkins,troy01@example.org,022 Schmidt Loaf,Gonzalezmouth,ME,75248,2025-10-13
262,Erin,Sellers,wrobbins@example.org,862 Brown Plaza,North Jacquelinestad,DE,37490,2025-12-04
263,Joe,Park,tgarrett@example.com,6832 Taylor Point Suite 562,Whitneyberg,DC,02021,2024-05-03
264,Alfred,Griffith,ibarrett@example.org,679 Hanson Motorway,Arnoldmouth,MS,47071,2024-08-24
265,Roger,Smith,pbradford@example.net,8950 Ashley Squares Suite 197,East Jessicahaven,PR,98881,2025-10-02
266,Steven,Miller,sanchezcrystal@example.net,894 Rebecca Place,South Shawnfort,OK,96683,2024-11-09
267,Michael,Levine,keith09@example.net,940 Lane Ports Apt. 490,Toddberg,NY,10575,2025-11-24
268,Joshua,Anderson,joshua40@example.net,292 Wood Extensions,Kimberlybury,NM,24200,2025-10-17
269,Michelle,Cooper,coffeycaitlin@example.org,6372 Becky Ville Suite 041,East Stevenfort,ME,62926,2025-09-08
270,Karen,Patel,yvega@example.com,86047 Gregory Pines Apt. 185,Bishopview,MA,35933,2024-09-23
271,Corey,Pena,rmurray@example.net,938 Byrd Falls,Amytown,MP,09407,2024-03-20
272,Connor,Garcia,ubell@example.com,00910 Stephanie Route Apt. 119,South Diana,MH,85423,2025-04-29
273,Tammy,Kemp,jonowens@example.org,6542 Joshua Circle Suite 650,Stephanieview,HI,58248,2024-05-01
274,Tiffany,Gonzalez,fwhite@example.org,639 Rita Stravenue,Dakotaland,CA,75388,2025-08-25
275,Kimberly,Smith,ohernandez@example.org,642 Conway Ports,New Jasminefort,NJ,57655,2025-01-01
276,Jessica,Burnett,fernandezaaron@example.net,98554 Brown Rue Apt. 585,Port Steveport,SD,27124,2024-07-19
277,Benjamin,Cruz,kentprice@example.org,1732 James Stravenue Apt. 761,Victormouth,AK,05356,2024-11-15
278,Matthew,Le,zwilson@example.net,829 Sandy Camp Apt. 707,East Jacquelineberg,AL,23078,2025-06-17
279,Rebecca,Hoover,bryantgeorge@example.net,17993 Linda Meadow,Lisafurt,MD,16334,2026-02-23
280,Barbara,Taylor,kathrynwatkins@example.com,42625 Samuel Prairie,East Craigfurt,WI,21178,2024-03-23
281,Tony,Smith,saramann@example.net,7232 Mills Loop Apt. 290,Lake Vincent,CO,82708,2025-11-06
282,Kevin,Barnes,jamesdowns@example.org,837 Joshua Fields Apt. 277,East Elizabeth,AZ,07582,2025-06-26
283,Justin,Hamilton,christina70@example.org,220 Robertson Cliffs,Lake Sean,OR,43226,2025-01-12
284,Julie,Villanueva,kimberlynguyen@example.org,636 Charles Prairie,Brownchester,FL,28834,2026-01-19
285,Spencer,Hughes,stephenlee@example.com,52090 Taylor Walk Suite 762,Jeffreyport,PA,21051,2025-10-10
286,Dana,Carr,belindatran@example.org,8739 Hood Harbors,Lake Ronniebury,IA,43400,2025-01-23
287,Jeffrey,Pennington,robinvillanueva@example.com,78068 Mendoza Union,South Tylerland,OH,99208,2024-03-21
288,Jessica,Dodson,michaelallen@example.org,4279 Tiffany Mountain,Port Jacqueline,HI,49052,2025-06-13
289,Jane,Smith,cruzhannah@example.net,6498 Kristin Common,Jillton,NY,88929,2024-12-03
290,Brett,Reyes,xharvey@example.com,818 Devon Isle,New Daniel,NJ,97150,2026-01-27
291,Betty,Haley,karenhodges@example.com,8640 Nathan Mission Suite 881,Mckinneyside,MH,38808,2025-02-05
292,Micheal,Nunez,lopeznicole@example.org,2411 Joshua Square,South Edward,IL,68748,2026-02-05
293,Andrew,Butler,thomasfisher@example.net,3103 Jenkins Junctions,Toddhaven,MP,72389,2025-01-31
294,Kevin,Anderson,george43@example.com,0254 Huber River Apt. 842,Port Jean,MH,87841,2025-10-13
295,Evan,Wilson,autumn74@example.com,80552 West Estates,Davidtown,MO,65960,2025-09-24
296,Stacie,Reilly,adamrodgers@example.net,474 Lauren Stream Suite 517,East Ericaville,ME,03751,2024-12-30
297,Mary,Griffin,nguyencathy@example.org,3018 Rhodes Corners,Leemouth,PA,79809,2025-03-20
298,Brian,Estrada,bhernandez@example.com,0455 Madden Well Apt. 376,Robertschester,VA,54790,2024-06-22
299,Brenda,Miller,kevinmcneil@example.net,96106 Perry Point Suite 923,Port Patrick,OH,64803,2024-04-11
300,Margaret,Davenport,troy73@example.org,44714 White Spurs,North David,KY,65126,2026-03-08
301,Carl,Reese,qcunningham@example.net,158 Megan Estates Apt. 257,West Frank,KY,47839,2025-01-12
302,Rhonda,Kelly,kelly18@example.org,92855 Nelson Square,Codyshire,MI,19338,2024-03-21
303,April,Watson,kjenkins@example.org,83389 Robert Club,Port Davidtown,NJ,46141,2024-10-25
304,Michael,Montoya,gerald40@example.net,22342 David Common,Vazquezville,CA,02965,2025-09-29
305,Katherine,Williams,johnsondonna@example.net,1401 Contreras Throughway,Port Davidborough,OR,26718,2024-07-25
306,Michael,Davis,stacy55@example.org,911 Allison Stravenue,West George,WV,70903,2024-03-15
307,Jessica,Glass,lrichardson@example.org,125 Coleman Passage Apt. 615,South Danielberg,NM,47850,2025-08-09
308,Angela,Williams,tristan64@example.com,738 Roberts Walk Suite 317,Harryfort,TX,14286,2024-12-26
309,Alexandra,Rhodes,thomasrichard@example.net,215 Matthew Ranch,Martinezchester,VA,65920,2024-10-01
310,Jennifer,Perkins,katelyn65@example.com,8427 David Overpass Suite 320,Lake Brianland,NM,89381,2024-03-31
311,Harold,Jacobs,eric99@example.org,877 Kelly Parks,Wagnerside,MA,71349,2025-04-15
312,Stephanie,Johnson,hbeard@example.com,6770 Gregory Shoals Suite 276,West Jennifer,NM,14837,2025-05-01
313,Tracy,Spencer,kalvarez@example.net,4796 Miranda Haven,Bryanshire,AZ,17304,2025-11-13
314,Michael,Harmon,hubbardcolleen@example.com,5565 Donna Gateway,Lake Larry,CO,90677,2024-04-28
315,Kevin,Morgan,ryanbenjamin@example.net,864 Heather Radial Apt. 569,Morrisville,AS,64511,2024-05-24
316,Emily,Rogers,garrett45@example.com,1834 Williams Ports,Ballardland,VT,76285,2024-05-20
317,Matthew,Jones,wsimmons@example.org,468 Gonzalez Locks Suite 987,North Courtney,NC,24951,2025-05-07
318,Jason,Hayden,oadams@example.net,083 Ford Garden Apt. 466,Michelleland,SC,27181,2025-11-20
319,Joseph,Mitchell,jonathanburke@example.com,23034 Washington Mews,Lucaston,ID,21388,2024-09-27
320,Anthony,Clarke,donna20@example.net,01594 Rachel Lodge Suite 162,North Ashley,NY,16313,2025-03-28
321,Maria,Herring,tyler13@example.net,5963 Robinson Coves,East Tara,NV,54027,2024-09-13
322,Bridget,Henry,holly15@example.net,3425 Baldwin View Suite 090,Lake Samanthabury,KS,72948,2024-12-18
323,Danielle,Haynes,nicholsjoel@example.com,64413 Clark Estates Suite 560,Michellefort,NJ,97093,2025-01-07
324,Maureen,Love,hollowayholly@example.net,6985 Neal Track,Lake Darlenemouth,WY,84531,2024-06-19
325,Richard,Fuller,barbara12@example.org,657 Russo Dale,Glennshire,GU,43437,2025-10-17
326,James,Perry,phillipbennett@example.net,08931 Gonzalez Squares,North Richard,NE,79195,2024-09-18
327,Christopher,Richardson,smithalicia@example.com,33344 Reyes Meadows Apt. 934,South Henry,WY,19630,2024-04-02
328,Theresa,Young,xsolomon@example.net,07256 Jennifer Station Suite 941,New Brianmouth,IA,62227,2026-01-04
329,Wendy,Crosby,smithwilliam@example.com,5280 Jorge Parkway Suite 572,West Jenniferchester,FL,34632,2024-06-05
330,Bradley,Anderson,julie64@example.com,562 Doyle Overpass Apt. 870,East Brian,HI,05201,2025-02-18
331,Frank,Mcdonald,carneysara@example.org,8777 Meghan Way Apt. 151,Port Justin,MP,22559,2025-09-11
332,Lynn,Elliott,brandybonilla@example.net,1371 Johnson Springs,South Nathanielville,MP,42907,2024-07-02
333,Christopher,Rivas,rgibson@example.net,0975 Jason Causeway,Marcuston,WA,09770,2025-04-15
334,Carrie,Davis,gregory61@example.org,66421 Henry Meadows,Rebeccaberg,MI,87732,2024-05-21
335,Michael,Gonzalez,emcclure@example.com,65926 Davis Passage Suite 732,Rosehaven,CO,38604,2025-02-17
336,Christian,Solis,edgar24@example.org,9081 William Pass Suite 617,Michaelshire,CO,66488,2024-03-23
337,Joy,Ford,meganwilliams@example.com,9779 Peterson Well Apt. 321,Monicaville,NE,70542,2024-03-25
338,Randall,Smith,zstevens@example.net,9956 Miller Dale Apt. 310,Port Anthony,NJ,85517,2024-06-26
339,John,Wilkinson,christophercarrillo@example.org,0122 Maynard Mountains Apt. 793,West Ashley,MP,51846,2024-04-18
340,Alan,Mccoy,fpetty@example.net,76789 Hall Circle Apt. 695,West Patriciachester,FM,62542,2024-06-05
341,Cindy,Lucas,bterry@example.org,375 Hall Forges Suite 972,Jenniferfurt,MT,88726,2025-07-01
342,Michael,Kennedy,christycampbell@example.net,722 Eric Overpass,Port Robertfort,ME,31266,2024-08-12
343,Brandon,Smith,michael22@example.net,56193 Anna Oval,Victoriastad,WI,06618,2025-09-25
344,Angela,Kemp,mccarthysara@example.com,19918 William Expressway Apt. 352,Jeanhaven,NM,96518,2025-12-08
345,Eric,Cox,davidharris@example.com,75482 Joseph Stravenue,Wardbury,FL,99225,2025-09-13
346,Robert,Perez,agutierrez@example.com,72081 Matthew Locks Apt. 606,Lake Sandraberg,MH,75809,2024-04-23
347,Crystal,Reeves,robert84@example.net,0489 Isabella Mission Apt. 899,Terryfurt,WI,26360,2025-12-15
348,Christopher,Medina,vhardy@example.org,18848 Sherman Estate Apt. 089,Johnport,VA,55911,2026-03-03
349,Daniel,Brown,jordan85@example.org,174 Shawn Freeway,West Kevin,TN,94198,2025-05-04
350,Donald,Gray,danielblack@example.org,1266 Christopher Manors Apt. 737,West Ericafurt,OR,73766,2025-03-26
351,Ralph,Baker,cfields@example.net,622 Todd Mount Apt. 881,South Thomas,WA,21058,2026-01-31
352,Mike,Crane,xrodriguez@example.net,82154 Turner Oval Apt. 229,Williamsport,FM,37657,2024-08-16
353,Lori,Burns,kelleycarlos@example.org,9497 Harrington Mountains Apt. 287,Contrerasberg,VI,95903,2024-11-04
354,Lauren,Beck,zhughes@example.com,741 Jasmine Ports,Annville,SD,73816,2024-05-13
355,Stephanie,Weaver,bernardaimee@example.com,82043 Maria Villages,Millerside,PA,42500,2024-12-30
356,Brady,Atkins,morganhenry@example.org,4111 Justin Falls Suite 124,Gregoryton,RI,43137,2024-07-22
357,Jennifer,Evans,floresrobert@example.com,1033 Trevor Terrace Suite 140,Stevenchester,CA,63962,2024-04-02
358,Cynthia,Mcintyre,adamstabitha@example.net,82496 Miller Roads,Port Tammy,MN,71337,2026-03-02
359,Kimberly,Medina,jali@example.com,79420 Sarah Orchard,Carlafurt,MI,83365,2024-08-14
360,Mary,Campbell,jocelynhart@example.com,1284 Clark Parkways,Nicolemouth,SC,34758,2026-02-26
361,Jasmine,Nelson,matthew79@example.com,209 Smith Branch,South Angela,UT,92683,2025-03-04
362,Philip,Miller,ryanpatricia@example.net,156 Hughes Villages Apt. 175,South Albert,WA,03093,2025-09-17
363,Erin,Fletcher,christopheraustin@example.com,75047 Adrian View,Rodriguezview,OK,66079,2025-03-08
364,Andrea,Keller,cameronanderson@example.org,9384 Melanie Brooks,Erinmouth,AL,56483,2025-06-23
365,Sherry,Williams,ryan64@example.org,5803 Joshua Manor Suite 506,West Christopher,OK,03826,2026-03-05
366,Jeremiah,Norris,starkjames@example.com,10760 Pittman Gateway Apt. 735,Port Matthewbury,CA,79139,2025-06-07
367,Kathryn,Garrett,millerbruce@example.org,1207 Kevin Road Suite 110,West Melissafurt,CT,81412,2025-09-12
368,Jesse,Greene,chavezsteven@example.com,0785 Daniel Bridge,New Kristineborough,MH,75633,2024-06-12
369,William,Kelly,chardy@example.org,00249 Palmer Run,Larryside,WI,19588,2024-06-27
370,Kyle,Cooper,tara89@example.net,38806 Gonzalez Flats,Port Casey,ID,88038,2025-02-22
371,Heather,Mcdonald,melissa95@example.net,5217 Tyler Alley Apt. 379,East Timothy,WI,43953,2025-10-23
372,Nicholas,Ross,coxcharles@example.org,47395 Theresa Flat,West Grant,FM,34841,2025-08-19
373,Matthew,Spencer,jamesthompson@example.com,26153 Bryant Land,Donnahaven,AS,82185,2025-12-16
374,Natalie,Jones,nicoleanderson@example.org,655 Rowland Gardens,Port Christinaborough,PR,70685,2024-10-13
375,Edgar,Wright,monique89@example.com,179 Gary Loaf,Victormouth,HI,42683,2025-08-14
376,Alicia,Webb,lwells@example.com,33736 Kevin Lane,Port Neil,OH,11610,2024-06-18
377,Christopher,Wallace,jerry07@example.net,7766 Ballard Island Suite 602,Hallland,MI,11303,2024-10-13
378,Warren,Payne,hartmansara@example.org,50835 Emily Glen,Julieview,ID,92990,2025-05-27
379,Devin,Wyatt,alan44@example.com,9078 Michelle Forks Apt. 373,Sharpmouth,MA,11756,2024-10-26
380,Jacob,Carrillo,cclark@example.net,2924 Vincent Shoals,Matthewchester,NE,90385,2025-09-13
381,Kathryn,Vaughn,mark09@example.org,59999 Baird Ford,Brownfurt,ID,62731,2024-05-30
382,Ashley,Hayes,christopher18@example.org,970 James Lights,Jamieport,TN,69234,2024-05-02
383,Brian,Stone,markbrowning@example.com,28671 Friedman Way,East Monica,ME,57150,2025-10-30
384,Elizabeth,Moore,briana87@example.com,27169 Alicia Port,Stevensshire,AZ,97139,2024-05-17
385,Debbie,Ellison,isabella46@example.net,3296 Cruz Shoals,Lake Ashley,MO,92073,2026-02-01
386,John,Harrell,nicole84@example.net,376 Wanda Club,New Katiemouth,MT,59606,2024-07-10
387,Jared,Williams,jonesheather@example.net,5636 Alex Crescent Apt. 577,Jonesside,TN,32258,2025-08-15
388,Samuel,Ruiz,mckenzie20@example.net,41862 Emily Branch,Ericstad,HI,28900,2025-08-16
389,Patricia,Patel,ohorton@example.net,4709 Brandon Lane,East Nicholas,IA,26713,2024-05-17
390,Robert,Hays,lori13@example.org,206 Lisa Islands,New Jamie,ND,52282,2026-01-27
391,David,Lewis,marcus06@example.net,63731 Santos Land Apt. 136,Katrinafort,CT,93893,2025-04-07
392,Veronica,Jefferson,johnathandavis@example.com,252 Spence Shores Suite 150,Reyesbury,NY,77501,2025-08-09
393,Alexander,Smith,parkerjoann@example.org,25743 Nicholas Row,East Sandramouth,WA,43583,2024-06-18
394,Lonnie,Buchanan,meyertiffany@example.net,35533 Rebecca Shores Apt. 396,Isaiahtown,CA,64941,2024-05-02
395,James,Walters,shawnamartinez@example.org,81674 Jennifer Gardens,Thompsonbury,ME,37902,2025-05-07
396,Tammy,Harris,xmiller@example.com,77689 Wolf Viaduct Suite 066,Port Rebeccaport,PA,70912,2024-07-01
397,Jessica,Scott,storres@example.com,52732 Adam Wall Suite 766,Wallerstad,MS,64667,2024-10-23
398,Vanessa,Jones,riddledavid@example.net,64587 Horton Run,Housebury,IA,63117,2024-04-06
399,Lisa,Mccoy,terrydeanna@example.com,243 Alexander Trail Apt. 669,New Reneechester,GA,56451,2024-09-12
400,Kevin,Ponce,uwillis@example.com,95243 Hale Avenue,Port Travis,CT,09655,2025-09-28
401,Robert,Butler,jessica22@example.com,237 Wayne Creek,Bradleyborough,HI,26838,2024-04-24
402,Ian,Malone,tonya67@example.net,214 Nicholas Harbor,West Anthonybury,NJ,64096,2025-07-16
403,Craig,Brown,ortegakristina@example.org,80698 Frederick Mountains,Cassandramouth,MN,89873,2025-12-22
404,Yvonne,Montoya,elizabeth69@example.org,1076 Anthony Crossing Suite 357,Robertsonborough,AL,84134,2026-02-09
405,Lisa,Smith,morgan57@example.org,9156 Hatfield Walks Apt. 649,Lake Douglas,NC,75460,2025-10-06
406,Jennifer,Johnson,trobles@example.net,71783 Jason Terrace Apt. 160,West Raven,WI,37248,2024-08-20
407,Jonathan,Alvarez,wadesandra@example.net,53991 Bennett Stravenue Suite 863,West Darrell,CO,15100,2024-05-16
408,Joy,Pineda,berrydavid@example.com,040 Melanie Manors Suite 528,North Randall,ND,60873,2024-10-28
409,Lisa,Phillips,vincentbryant@example.net,09548 Joshua Vista Suite 374,Brownmouth,FL,94448,2024-08-12
410,Jessica,Cochran,leblanckimberly@example.com,2086 Henderson Mountains Suite 661,Justinborough,UT,72329,2024-12-24
411,David,Goodwin,hornjenna@example.com,277 Merritt Fords,Port Kaitlin,WA,85860,2024-03-18
412,Jessica,Johnston,nicholasmcgrath@example.net,15720 Tina Run,Brittneyberg,SC,95207,2025-01-01
413,Austin,Allen,mturner@example.org,176 Chen Mills Suite 011,North Tracyhaven,IN,03519,2025-05-14
414,Vanessa,Mendoza,bauerherbert@example.com,9215 Jennifer Wall Apt. 606,Brownshire,ND,94053,2025-10-31
415,Denise,Molina,tammymerritt@example.org,87510 Bailey Shoal,North Anna,PR,99207,2024-04-06
416,Tina,Hunter,tammy26@example.net,40848 Taylor Overpass,Alexandrastad,PA,71045,2025-03-20
417,Hailey,Bates,youngjacob@example.com,98395 Anderson Road,Jonesview,KS,50541,2025-06-29
418,Frank,Bryant,erica28@example.org,435 Robert Drives,Victoriachester,MS,03897,2026-02-14
419,John,Nelson,suttonrichard@example.com,5423 Smith Lane,South Stephanie,WY,16688,2024-07-18
420,Jessica,Parker,wdavis@example.net,491 George Terrace Suite 258,Woodsberg,KS,01745,2025-07-26
421,Jennifer,Sandoval,nicholasmoss@example.org,396 White Knoll Suite 844,Meyerbury,ME,83814,2025-11-29
422,Stacey,Russell,megan11@example.net,29014 Stokes Branch,Rhodesberg,NJ,65749,2025-03-23
423,Whitney,Barron,sullivanchristina@example.net,685 Virginia Shore,New Shaneburgh,TX,69119,2026-01-01
424,Gregory,Richardson,williefarley@example.com,2515 Marie Vista Apt. 447,Josephtown,WA,83230,2025-05-01
425,Jeff,Torres,wallspatricia@example.com,0975 Gomez Avenue,Pamelaburgh,MO,46970,2024-03-18
426,Ryan,Gonzalez,robertgentry@example.org,437 Brooks Lakes,Mcclainside,AS,35822,2024-05-30
427,Samuel,Franco,donaldburgess@example.org,313 Williams Locks Suite 502,South Susan,KY,16071,2025-01-13
428,Andrea,Marsh,markduran@example.com,11022 Porter Trafficway Apt. 056,South Timothyport,NM,11329,2025-09-19
429,John,Hernandez,johnwang@example.com,637 Jacqueline Parkway,East Victoria,OR,82933,2025-06-18
430,Jerome,Anderson,hilljames@example.org,93106 Warren Squares Apt. 356,Brownchester,SD,07271,2024-10-20
431,Joseph,Ramirez,jennifer35@example.org,00534 Ramirez Rest,South Jackfort,MN,44316,2024-10-20
432,Collin,Smith,markfigueroa@example.com,43961 David Summit Apt. 093,Lake Sean,CT,10315,2026-01-29
433,Christine,Turner,mmayo@example.net,23684 Jacobson Mission,South Carloschester,NC,66544,2025-10-11
434,Gary,Hill,keithsosa@example.org,678 Gabriel Terrace,Hartfurt,MO,80090,2024-09-26
435,Jack,Moore,brittanysmith@example.net,844 Kenneth Grove Apt. 230,West Benjamin,FL,36907,2026-01-18
436,Joseph,Gibbs,veronicaclark@example.org,595 Miller Squares,Jenniferchester,MH,80649,2024-10-13
437,Tracie,Garrett,hollowayjeffrey@example.com,0891 Bautista Glens,Port Scott,MD,35732,2024-08-08
438,Crystal,Garrison,omoore@example.net,2717 Stephen Via Apt. 397,Lake Julian,ME,21855,2025-12-19
439,Lisa,Mcdaniel,chadjones@example.org,618 Jessica Valley Apt. 916,Smithtown,WV,84974,2026-01-24
440,David,Carrillo,douglas90@example.org,513 Timothy Port,Ochoaport,MA,63272,2024-07-02
441,Brian,Holt,smithbradley@example.net,86203 Jeremy Lights Apt. 543,Mcdanielville,NM,22725,2026-03-06
442,Jeffrey,Huber,michael95@example.org,09226 Greene Springs Suite 249,Michaelville,KY,65938,2025-07-08
443,Sarah,Cochran,mccormickmichelle@example.org,2677 Daniel Meadow,Duanemouth,DC,24339,2025-09-24
444,Michael,Snyder,asteele@example.net,36687 Patel View Apt. 619,Rosebury,UT,11937,2024-08-30
445,Aaron,Mcknight,coxthomas@example.org,55247 Mary Plaza,Sanchezbury,AR,98411,2024-06-20
446,Suzanne,Padilla,squinn@example.com,19179 Anthony Lakes Apt. 131,New Mariahchester,FL,24411,2025-02-18
447,Donald,Rose,theodore57@example.net,1200 Wesley Branch,Wallmouth,OH,93746,2025-11-08
448,Samantha,Shaw,rodneymoore@example.org,36903 White Summit Apt. 775,Wilcoxburgh,AR,49191,2025-06-27
449,James,Rodriguez,coxkimberly@example.com,42811 Carla Throughway,Jacobborough,SC,04743,2024-09-03
450,Christopher,Hudson,elliottkristy@example.org,1405 Benjamin Parkway,West Karen,VA,47141,2026-02-21
451,Jacqueline,Davis,gmosley@example.org,96790 Martin Springs,Millerland,VT,30853,2025-12-18
452,Lindsey,Pena,victoriamason@example.net,2545 Williams Station Suite 339,East Ashleyfort,CT,02459,2024-06-24
453,Monica,Payne,portershawn@example.org,14955 Charles Station Suite 474,Santosberg,DE,75046,2025-03-03
454,Michael,Mitchell,rvincent@example.org,8955 Evelyn Parkways Suite 409,Lake Krystalside,AL,20759,2025-11-25
455,Kelly,Moore,onash@example.com,157 Day Viaduct Suite 112,South Kaylaborough,MO,43587,2024-04-28
456,Matthew,Munoz,jacquelinealvarez@example.com,82723 Carroll Rapid Suite 056,Lewisborough,VI,03508,2026-02-06
457,Gabriela,Nelson,christopherjones@example.com,7683 White Center,South Matthewport,GA,26532,2024-11-22
458,Robert,Alvarez,tammykim@example.net,89319 Mario View Suite 027,South Michelle,DE,88836,2025-01-03
459,Abigail,Smith,iharding@example.net,910 Julie Field Suite 829,Robinsonborough,ID,89581,2025-05-07
460,Alexis,Cervantes,turnerkurt@example.org,766 Bell Plains Suite 851,South Ross,HI,72951,2025-05-20
461,Amy,James,swalters@example.net,11096 Tyler Terrace,Lake Seanshire,AS,04778,2025-07-13
462,Melissa,Lewis,harnold@example.org,57660 Casey Parkways Suite 444,Nuneztown,MH,54837,2024-04-04
463,Anthony,Gibbs,matthew96@example.org,96096 Sheila Loaf Apt. 658,South Jerry,VT,17059,2025-03-15
464,Crystal,Mueller,mary25@example.org,06092 Christine Plains,New Patrickberg,NH,83661,2025-06-16
465,Michael,Allen,kennethnichols@example.org,0412 Danielle Prairie Apt. 179,North Donaldview,MH,24176,2024-05-18
466,Troy,Ward,peterhenry@example.org,71366 Schultz Mission Apt. 240,Lake Ashley,PA,04623,2024-06-05
467,Matthew,Reed,moorejudy@example.org,080 Javier Lakes,East Anthonyberg,IN,11438,2025-08-25
468,Shelby,Adams,fgonzalez@example.com,7686 John Flat Suite 619,Gabrielborough,VA,64442,2025-01-22
469,Sean,Carlson,lisa91@example.net,3955 Shannon Bypass Suite 964,Raymondville,HI,42795,2025-01-19
470,Jacob,Sanchez,dianewatson@example.com,50537 Roach Points,South Justinborough,NC,29004,2024-05-26
471,Joshua,Franklin,berrydebbie@example.net,5330 Jimenez Harbor Suite 117,New Mark,MS,31489,2025-05-07
472,Justin,Schneider,buckjustin@example.com,805 Chad Court,Cummingsview,MD,99288,2024-11-19
473,Christopher,Hampton,zsalazar@example.com,1591 Jeffrey Views Apt. 215,Perezland,ID,95411,2025-12-31
474,Miguel,Leach,villamiranda@example.com,04145 Nelson Extension,New Steven,DC,42356,2025-12-02
475,Karen,Barron,qwalsh@example.org,774 Barton Orchard,North Joseph,LA,93743,2024-05-11
476,Angelica,Salas,heatherjones@example.com,03763 Garcia Fords,Kathleenport,VT,60010,2025-07-04
477,Melanie,Garcia,jefferycox@example.com,3146 Gina Ways,East Stevenville,WA,14945,2024-09-03
478,Patricia,Lopez,alvarezalyssa@example.com,81563 Randy Meadows Suite 074,Coreyfurt,VA,55890,2024-07-31
479,Jaime,Thompson,alyssa78@example.com,031 Darius Camp,Johnside,CT,36606,2024-08-24
480,Christine,Baldwin,olong@example.net,3235 Mccarthy Heights Apt. 128,Stevensonbury,GA,41803,2025-07-23
481,Garrett,Cook,athomas@example.net,5024 George Trace Apt. 957,South Morganfort,DE,06422,2025-10-31
482,Ashley,Mooney,aliciajackson@example.org,45775 Alvarado Glen,Stephenstad,ME,93582,2024-11-10
483,April,Beck,rrodriguez@example.net,63257 John Streets,Howardland,ID,50017,2025-06-21
484,Tammy,Wiley,harcher@example.org,556 Landry Harbor Suite 309,Maryville,NE,60142,2025-04-30
485,Laura,Reed,montesvictor@example.net,2849 Kevin Heights,Port Kennethmouth,AZ,28986,2024-10-04
486,Brittany,Brown,adam50@example.org,54882 Jennifer Divide Apt. 691,Jefferyfort,MI,33102,2025-10-26
487,Dana,Henderson,orozcosamantha@example.net,96592 John Mall Apt. 441,Ashleymouth,ND,24535,2024-12-11
488,Nancy,Kim,alishabenson@example.net,5676 Murray Points Apt. 612,Kristinshire,NY,49405,2024-06-13
489,Amy,Cunningham,brian62@example.com,8701 Joseph Run,West Brookeport,OK,63607,2025-07-29
490,Michelle,Martinez,mileszachary@example.net,32440 Hanson Flats Apt. 102,New Collinborough,CT,62595,2024-03-30
491,William,Myers,evanstimothy@example.org,497 Ryan Roads,East Donaldbury,GA,67546,2025-09-05
492,Amy,Alvarez,keith19@example.com,466 Steven Via Suite 204,Wilsonfurt,AL,76593,2024-10-19
493,Deanna,Barry,wwilliams@example.org,740 Michael Walks Apt. 586,East Dianastad,SD,94769,2025-04-27
494,Stephen,Trevino,joshuafarmer@example.com,76792 Anderson Islands Suite 996,North Anthonyburgh,IN,13154,2025-07-11
495,Victor,Shelton,kathleen31@example.org,1094 Benjamin Summit Apt. 759,East Manuelmouth,MS,17961,2026-03-04
496,Audrey,Gonzalez,travis43@example.org,8319 Crystal Skyway,East Arthurberg,MH,01187,2024-11-29
497,Ricky,Payne,petersonfaith@example.net,39785 Montgomery Points Apt. 176,Sawyershire,CO,17172,2025-10-04
498,Kenneth,Wilson,brettfernandez@example.org,4651 Tammy Club,Port April,RI,66043,2024-10-26
499,Christine,Gardner,aguilarsharon@example.com,56435 Donald Plaza,Sandraton,IA,65192,2024-05-04
500,Stacy,Strong,reedchad@example.com,724 Dalton Parks,Lake Michael,NJ,40270,2025-10-04
501,Nancy,Perez,johnsonkimberly@example.org,087 Paul Lane Apt. 668,North Samuel,MH,81195,2026-02-28
502,Michael,Lee,phull@example.org,036 Vicki Bridge,Port Brian,AR,17109,2025-01-26
503,Justin,Edwards,whitneyanderson@example.com,111 Mays Ford Suite 537,Shellyside,LA,86175,2024-09-06
504,Patricia,Flores,brownrachel@example.net,1328 Kevin Plaza Apt. 152,East Hollymouth,DE,03291,2025-03-11
505,Arthur,Ramirez,fevans@example.org,670 Cruz Cape Apt. 362,Patelport,AZ,71482,2025-09-20
506,Sharon,Kent,sandra49@example.org,9660 Angela Stravenue,Micheleside,NH,56053,2025-05-04
507,Ashley,Stone,susanmcdonald@example.org,44138 Morgan Locks,New Joshuaview,TN,33336,2025-10-04
508,Lisa,Franklin,parkerdonna@example.com,7070 Johnson Knolls,Littleside,IL,54058,2024-04-23
509,Sheila,Hill,stephanie72@example.com,7232 Monica Shoal Apt. 310,Lake William,NV,76508,2024-10-29
510,Angela,Perez,theresa05@example.net,351 William Creek,East Jamesshire,MN,89763,2025-01-10
511,Dawn,Liu,angellawson@example.com,5749 Ethan Cape Suite 290,New Jasonmouth,NY,94318,2025-10-03
512,William,Perkins,shelby69@example.org,1139 Ryan Crossing,New Thomashaven,NC,58306,2024-10-29
513,James,Johnston,marklloyd@example.com,5137 Cox Knoll,West Denisebury,NV,55400,2024-08-26
514,Maria,Hatfield,kimberlyrussell@example.net,445 Wilson Lodge,Wagnerberg,OK,65276,2025-06-17
515,Kendra,Yoder,hsmith@example.com,712 Mary Burg Apt. 128,Strongstad,DC,53233,2025-08-03
516,John,Carter,phyllis59@example.net,015 Lozano Roads,Yangchester,LA,99809,2025-02-23
517,Dennis,White,hernandezalan@example.net,765 Thompson Stravenue Suite 134,Petersonshire,NC,69339,2025-05-09
518,Megan,Simmons,patrick22@example.org,8499 Garcia Haven,North Keith,NM,58030,2024-08-22
519,Gary,Crosby,vanessa13@example.net,13882 Carmen Canyon Apt. 070,Jamesshire,NE,96457,2025-01-31
520,David,Chavez,moransamantha@example.org,7412 Dennis Crescent Suite 131,Ericmouth,KY,59937,2025-06-15
521,William,Waters,patricia06@example.org,80032 Wiggins Forges Apt. 472,Cervantesfort,LA,17775,2024-08-04
522,Nancy,Tapia,aaronjones@example.net,206 Austin Roads,Lake Michael,NC,86607,2026-02-07
523,Natalie,Pittman,elizabeth76@example.net,741 Daniel Throughway Suite 675,Lake Roger,HI,61414,2026-02-09
524,Donna,Bailey,xbush@example.com,630 Adams Forge Suite 085,Emilychester,MO,58428,2025-01-16
525,Jorge,Brown,vchandler@example.net,7639 Amanda Tunnel,New Cherylberg,PA,71249,2024-03-26
526,Jennifer,Lang,deleonmathew@example.com,083 Nichols Estate,Heathbury,LA,21656,2026-01-06
527,Martin,Lewis,shelbyjohnson@example.org,670 Justin Burg,Lake Kelsey,IA,04928,2024-09-27
528,David,Bowers,vanderson@example.com,18600 Cody Radial,Leeport,WY,42932,2025-01-16
529,Julia,Turner,qharris@example.net,4613 Hoffman Orchard Suite 883,Smithfort,VA,52096,2026-02-05
530,Kathryn,Klein,bwalker@example.com,5791 Cook Valleys,North Annborough,VI,64701,2025-05-19
531,Christopher,Powell,kmills@example.org,4645 Benjamin Spurs,Savageview,UT,27924,2025-09-14
532,Laura,Gardner,susan35@example.com,811 Lyons Lane Apt. 028,East Jamesville,AZ,56099,2025-03-08
533,Connie,Warren,kaitlynpayne@example.com,1644 Gilbert Landing,East Kelly,TX,27300,2025-10-19
534,Stephanie,Watson,thomas35@example.net,87056 Edward Cliff,West Jacquelineborough,UT,12801,2025-04-09
535,Mark,Brown,ewheeler@example.com,0344 Silva Inlet,Claudiafurt,KS,74047,2025-04-11
536,Donna,Jones,dakotarobinson@example.org,128 Rivera Trail Suite 973,North Krista,IL,12472,2026-01-20
537,Christina,Thomas,ubaxter@example.org,87675 Mason Crest,New Phillip,WI,51033,2025-08-10
538,Michael,Roberson,alyssa93@example.org,268 Henry Turnpike Suite 186,Gregorystad,PR,61590,2025-09-26
539,Michael,Coleman,patrickwhite@example.net,75830 Murphy Land,Wesleytown,PA,36287,2024-04-05
540,Joshua,Mendoza,forbesjanet@example.com,079 Henry Mountains,North Mikeberg,VT,96995,2024-07-19
541,Melissa,Miller,browndana@example.org,84390 Hood Vista Suite 295,Lake Richardton,CA,25790,2025-11-05
542,Walter,Daniel,thompsonbradley@example.net,862 Larry Points,Davidmouth,OK,91765,2024-05-13
543,Sarah,Davis,whitechristopher@example.com,03571 Kyle Springs,Lake Katelyn,DC,41197,2024-04-19
544,Janice,Thompson,annettegutierrez@example.org,24474 Tracy Prairie Suite 587,North Stephanie,OR,51052,2024-07-03
545,Ashley,Chaney,zreed@example.net,58841 Jonathan Mountain Suite 018,South Donald,OR,42836,2024-12-09
546,Nicholas,Chapman,morrisdaniel@example.com,67551 Robin Inlet,South Amy,WV,03351,2025-01-26
547,Christina,Watkins,esimon@example.org,595 Gregory Hills Apt. 381,Simmonsview,OK,53028,2025-05-19
548,Frank,Jackson,olivia83@example.net,50142 Ellis Expressway,Smithberg,ID,23054,2024-10-18
549,Christopher,Young,samuelramsey@example.org,72517 Hale Mountains Suite 731,Andersonberg,MO,43376,2025-12-28
550,Lori,Cross,icarlson@example.org,9039 Katrina Land Suite 580,Melendezbury,DC,66030,2024-07-27
551,Jason,Graham,patrick26@example.org,6704 White Locks Apt. 715,Lake Michelletown,GA,42316,2024-06-14
552,William,Parks,tuckersusan@example.com,46419 Shaw Tunnel Suite 585,Port Haroldchester,ND,50763,2025-12-08
553,Christopher,Smith,james97@example.com,4017 Richardson Rapid,Johnnymouth,TX,39317,2025-09-23
554,Andrew,Adams,michael07@example.com,091 Dennis Place Suite 321,East Jessicafort,NE,36505,2024-11-19
555,Stephen,Williamson,uwilliams@example.com,91681 Pennington Summit,Robertotown,HI,98381,2024-09-15
556,Denise,Andrade,ysanford@example.org,9883 Nicholas Mountains Apt. 642,Walterton,PA,52755,2026-01-06
557,Erika,Nelson,yclark@example.com,4795 Jeffrey Brook,Jeffreyport,VA,93828,2025-05-31
558,Steven,Fisher,amber78@example.org,5572 Dickerson Parks Apt. 826,Richardshire,CO,83257,2025-03-02
559,Traci,Miller,kevin57@example.net,29929 Cunningham Mall Apt. 487,South Samantha,DC,50102,2025-05-29
560,Melissa,Davis,jasonrodriguez@example.com,68653 Lester Harbors,Kayleeville,TN,90527,2026-02-11
561,Kathleen,Stewart,zperez@example.com,7226 Smith Village Suite 721,Carpenterchester,MT,54279,2024-07-28
562,Anthony,Walker,greenejessica@example.org,329 Cohen Land Apt. 968,Port Robin,NH,48874,2025-08-22
563,John,Kennedy,marcuscarter@example.org,773 Fritz Underpass,South Vincent,DE,79669,2025-11-14
564,Monica,Stout,stevenrivers@example.org,687 Jones Mall,Nicoleside,DE,94321,2025-09-30
565,Deborah,Ferguson,gonzalesmaria@example.org,0568 Patterson Crossing Apt. 249,Lake Garychester,TN,45043,2024-06-23
566,John,Olson,colton17@example.net,45475 Lyons Port Suite 902,New Keith,IN,49109,2025-04-27
567,Jennifer,Parker,ashleytorres@example.net,422 Catherine Walks Suite 430,New Kevin,OR,02082,2024-09-17
568,Jennifer,Mcgee,kwoods@example.com,858 Gray Oval,Port Alicia,HI,63939,2025-12-27
569,Alexis,Arroyo,jeffrey33@example.org,135 Stevens Route Apt. 833,Elizabethfurt,SC,13456,2026-02-05
570,William,Nelson,wallerbrian@example.net,42337 Billy Rest,Andrealand,WA,25406,2025-08-30
571,Samantha,Escobar,alexandrabrown@example.org,977 Amanda Tunnel,West Kristyland,ID,63192,2024-06-05
572,Christopher,Gonzalez,carmenevans@example.org,73997 Johnathan Lodge Suite 725,Palmerport,KS,70256,2024-09-10
573,Joshua,Hoffman,connie12@example.com,8772 Cameron Meadows,Codymouth,MA,84109,2025-07-27
574,Lynn,Lee,hinesjason@example.net,8714 Ashley Drives Suite 236,Port Eric,TN,21096,2024-11-05
575,Zachary,Wells,rchan@example.org,4524 Acosta Village Suite 746,Farmertown,WV,53464,2024-04-21
576,Riley,Brewer,theresawang@example.org,44505 Gibbs Islands,Port Jason,NY,58186,2025-11-28
577,Daniel,Sanchez,jennifer97@example.org,734 Brown Centers Suite 485,Mcleanville,NJ,18101,2025-12-15
578,Charles,Rowland,jholloway@example.net,381 Sanchez Ports Suite 884,East Kelseyland,VI,92153,2025-08-14
579,Lee,Castaneda,nburgess@example.org,3755 Erica Squares Suite 490,North Dawn,NE,52445,2025-10-22
580,Lauren,Decker,durhamwilliam@example.org,85874 Walters Street Apt. 918,New Erichaven,PR,11999,2025-05-05
581,Taylor,Santos,karenwang@example.com,7251 Deborah Junction Suite 860,Andrewstown,RI,51612,2024-03-25
582,Jeffrey,Simmons,melissa95@example.net,395 Jacob Drive Apt. 421,New Carolynton,WI,17189,2025-04-10
583,Stephanie,Murphy,sarah33@example.com,4335 Derrick Mill,Port Stacytown,NV,98011,2025-11-26
584,Jason,Williams,nross@example.com,28981 Katherine Crest,Yangstad,WA,42035,2025-01-09
585,Jason,Davis,timothy81@example.com,66615 Bautista Villages,South Sonyaport,IN,92410,2024-05-12
586,Dawn,Price,rsmith@example.net,23290 April Dam Suite 009,Port Jodi,LA,49220,2025-06-06
587,Madeline,Barnes,sharonsanford@example.net,1207 Kevin Road,Reginaview,RI,42584,2024-04-01
588,Anthony,Johnson,jjohnson@example.com,698 Eric Bridge,Phyllisland,MT,09194,2024-06-02
589,Thomas,Lucero,mtaylor@example.net,7742 Douglas Lakes,South Trevorshire,ID,16994,2024-08-19
590,David,Dunlap,donnapaul@example.net,9133 Lopez Shoals Suite 579,Kathleenberg,MD,55816,2024-12-10
591,Dustin,Doyle,adkinslauren@example.net,20203 Randy Branch,Webbstad,ID,82907,2025-12-07
592,Tara,Sullivan,shawnbaker@example.com,485 Barajas Ferry,Matthewfort,WI,72446,2025-02-08
593,Colin,Chase,bryan56@example.net,213 Greer Crest,Davidstad,ME,59819,2025-01-24
594,Tracey,Miller,raymondpugh@example.net,30358 Anna Pines,Port Amandaside,IN,91424,2026-02-02
595,Alyssa,Brooks,beckercynthia@example.net,289 Garrison Harbors,South Kennethhaven,MT,62962,2025-02-17
596,Derek,Hurley,jonesjeanette@example.net,99106 Douglas View Apt. 362,Myersborough,IA,46429,2024-05-02
597,Tabitha,Hill,vmartinez@example.net,72450 Abigail Pine,Port Courtneyfort,IN,87063,2025-01-26
598,Lynn,Weaver,whernandez@example.net,0641 Simmons Extension Suite 438,North Whitneystad,IA,87652,2025-03-08
599,Jacqueline,Reynolds,littlemichelle@example.com,8564 Miller Courts Suite 397,New Ryan,KY,14127,2026-03-11
600,Margaret,Freeman,qobrien@example.com,191 David Track,West Betty,VT,79643,2025-01-14
601,Phillip,Garner,deborah77@example.net,6039 Andrew Isle,West Samanthatown,VA,60351,2025-11-22
602,Jon,Cardenas,michael34@example.com,7423 Yang Terrace,Kimberlyburgh,PR,66015,2025-11-28
603,Matthew,Jensen,leslietorres@example.net,659 Fowler Throughway,Harrisfort,MI,44672,2025-10-22
604,Paula,Fischer,marcusrodriguez@example.net,848 Raymond Square Apt. 311,Phelpsberg,VT,45086,2025-04-05
605,Randy,Morse,kirkjill@example.com,3703 Elizabeth Harbor,South Jeffreybury,IA,30101,2025-01-27
606,Lisa,Thomas,john09@example.com,8893 Lopez Path Suite 964,Lindaview,NE,49027,2024-12-03
607,Sara,Young,chase25@example.net,921 Nichols Cove,Lake Michael,UT,85037,2026-02-23
608,Lori,Walker,audrey07@example.net,9612 Ann Points Apt. 572,Lake Michaelview,OK,33532,2026-02-02
609,Jessica,Reeves,wjordan@example.org,74845 Ashley Wells Suite 289,Michelleton,VT,99390,2024-11-28
610,David,Madden,morenojessica@example.net,92207 Martin Court,Berryfurt,AS,53922,2024-12-15
611,Thomas,Boone,codykelly@example.net,7124 Gonzalez Keys Apt. 571,Andrewton,OH,08253,2025-07-24
612,Cody,Smith,smithpaul@example.org,23972 Theresa Court Apt. 959,South Jasmine,FM,23765,2025-03-17
613,Lisa,Wallace,mcconnellpamela@example.org,1529 Rachel Parks Apt. 929,Sharonside,MP,51467,2025-10-06
614,Sherry,Barnett,morganmichael@example.org,60507 Melanie Course Suite 899,Shermanborough,LA,42485,2024-06-19
615,Kathryn,Carter,ypowell@example.org,71587 Torres Turnpike Suite 080,North Kurt,OR,98523,2025-12-30
616,Amy,Davidson,fergusonbrandon@example.com,58068 William Springs Apt. 317,East Jennifer,CA,94090,2024-08-07
617,Jamie,Bowman,williamspatrick@example.net,0352 Serrano Landing,Williamsberg,PA,32767,2025-06-09
618,Jonathan,Weeks,jamie46@example.net,6643 King Branch,Williamsmouth,DC,87396,2025-07-29
619,Chad,Wilson,rachelfreeman@example.org,46484 Foley Green Apt. 163,New Meghanborough,DC,68425,2026-03-09
620,Taylor,Rodriguez,benjaminhughes@example.org,69572 Harper Canyon,Port Jason,MD,06236,2025-05-01
621,Stacy,Peterson,sandra57@example.org,6248 Jeffrey Road,West Diane,NV,03818,2025-12-08
622,Chad,Sanchez,angela28@example.com,16880 Jennifer Islands,Benjaminville,TX,31127,2024-03-16
623,Adam,Brown,hmack@example.org,810 Pineda Rue,Campbellfurt,NV,98551,2024-09-01
624,Tracy,Wright,jmendoza@example.com,24264 Micheal Brooks Suite 420,Jenkinsside,PR,30252,2026-03-03
625,David,Sims,sherifisher@example.com,776 Cox Islands Suite 283,East Jennifer,OK,26007,2026-02-02
626,Jessica,Mueller,rachel86@example.com,62718 Evans Village Suite 033,Andreaburgh,TN,50870,2026-01-26
627,Ryan,Hahn,bensonpaul@example.net,9269 Edward Island,Sanchezberg,WV,64291,2024-10-29
628,Sarah,Salazar,lowekristin@example.org,05155 Julia Forest,Marystad,RI,41854,2025-05-12
629,Maria,Alvarez,keithgarcia@example.net,26189 Moore Plaza,Gravesview,UT,33189,2026-02-23
630,Elizabeth,Thomas,cdavis@example.org,6720 Galvan Prairie Apt. 707,Nicoleland,FM,48993,2024-05-01
631,Dennis,Evans,hrangel@example.net,541 Morrison Union,Smithshire,MT,22660,2024-12-03
632,Johnny,Palmer,burnsrebecca@example.org,447 Morgan Groves,Hopkinsmouth,OH,04613,2024-06-15
633,Tiffany,Weber,turnerjames@example.com,0465 Pratt Walk Suite 652,Jenniferside,ID,64572,2024-10-03
634,Christopher,Cole,trujillorobin@example.net,21312 Brown Ports,Port Christopher,CA,01765,2025-08-22
635,Jill,Peterson,mooreconnie@example.com,191 Janet Flats Apt. 211,South Latashabury,IL,07054,2025-08-18
636,Paul,Garrett,thomasgonzalez@example.com,4907 William Common,East Jose,FM,71541,2025-05-06
637,Jaime,Martinez,lopezmelinda@example.org,9496 Robinson Glen,Jillhaven,AL,86332,2025-12-22
638,Frances,Campbell,calvinbrown@example.com,617 Tiffany Spring,West Briannastad,UT,89771,2025-05-28
639,Susan,Carroll,shannon75@example.com,5833 Brad Knoll Suite 775,Fordmouth,NV,20513,2024-06-23
640,Karen,Barnes,markskristina@example.com,5062 Brittany Ferry,North Allen,NJ,20148,2024-09-26
641,James,Crawford,kevinmoses@example.net,37976 Valentine Estate Suite 051,West Janiceport,FL,31322,2025-03-26
642,Troy,Robinson,tsmith@example.net,4969 Carol Pines,Matthewstad,AS,90745,2025-12-03
643,Mike,Waller,smithmitchell@example.org,3574 Ray Isle,East Tammy,WY,83427,2025-05-04
644,Rhonda,Erickson,lisawright@example.net,58162 Miller Overpass Suite 941,Priceborough,WY,36704,2025-08-14
645,Michael,Strickland,owright@example.org,9782 Frye Oval Suite 983,New Cassie,LA,96631,2024-04-25
646,Nicole,Mills,john66@example.net,4324 Anthony Row,Millermouth,WI,19849,2025-02-01
647,Patrick,Moore,gblake@example.com,3974 Brenda Islands Apt. 105,Woodmouth,MP,94938,2024-12-11
648,Anthony,Hamilton,randall59@example.org,9908 Jennifer Station Apt. 711,East Curtis,GA,94067,2024-08-30
649,Karen,Compton,christopher51@example.com,086 Neal Plaza Apt. 372,Port Rhondaview,IN,31861,2024-04-22
650,Frances,Johnson,timothywilliams@example.org,85566 William Highway,Johnsonchester,OH,09408,2024-04-10
651,Brittany,Clark,ssmith@example.org,263 Amanda Road Suite 485,Mooreborough,WV,80142,2024-09-15
652,James,Hurst,swilson@example.com,9863 Daniel Loaf,Lake Sarahborough,ID,75239,2025-08-31
653,Kenneth,Norris,oliviameyers@example.com,39438 Kyle Forge Apt. 537,Cortezmouth,MO,79381,2025-09-14
654,Samantha,Castillo,laura31@example.net,09004 Kevin Light,North Brian,IL,85143,2024-07-29
655,Rodney,Walter,ramirezdesiree@example.com,42473 Samantha Summit,South Gregville,CO,95503,2024-08-30
656,Molly,Riley,joseph97@example.org,16600 Reynolds Mountain,Thompsontown,OK,06272,2025-07-04
657,Susan,Walter,jennifer34@example.org,37009 Hansen Squares Suite 304,Christopherstad,NH,62429,2025-04-14
658,Nathaniel,Winters,malikfowler@example.com,657 Saunders Drive,Lowechester,MN,57086,2024-05-14
659,Jon,Taylor,debbie78@example.net,58295 Melissa Ports,Port Laura,GU,91362,2024-12-26
660,Madeline,Gilmore,stonebarbara@example.com,357 Mark Villages,Amyfurt,NC,86601,2025-10-31
661,Jeffery,Bell,gwatts@example.org,30817 Ruth Square Suite 364,New Danielle,GU,25536,2024-03-29
662,Anthony,Martinez,mariabecker@example.org,1656 Heidi Hills Suite 653,Royshire,PW,63211,2025-06-19
663,Brittney,Shelton,portermichael@example.com,8169 Avery Spur Suite 060,Blakeland,NJ,33551,2025-04-13
664,Christopher,Ramsey,gibsonkaitlyn@example.org,54873 Davis Spur Apt. 908,Jonesburgh,NH,36511,2025-08-03
665,Paul,Buckley,kingdavid@example.net,74204 Simmons Spur Apt. 137,Wrightfurt,WI,98088,2025-10-22
666,Rebecca,Barton,turnerjeffrey@example.net,71122 Joy Rapids Apt. 775,Smithhaven,MH,91440,2024-12-06
667,Amy,Barnes,ramirezangela@example.com,14576 Rebecca Wells,North Andrew,CO,75267,2024-07-26
668,James,Keller,angela71@example.net,618 Jesse Drive,Deanfurt,AL,49241,2024-04-24
669,Kristin,Rodriguez,brenda04@example.org,73377 Lewis Extensions Suite 881,Lake David,NY,19559,2025-12-01
670,Carlos,Palmer,knightjohn@example.com,46060 Norman Burgs Apt. 567,Lake Rebecca,NJ,81096,2026-02-04
671,William,Russell,johnboyd@example.com,9061 Janet Trail,Port Darlene,MN,36858,2024-12-24
672,Steven,Roman,kevin89@example.com,8769 Taylor Course Suite 588,West Crystalview,VI,38373,2025-05-20
673,Jeremy,Mcintosh,rebecca93@example.com,58644 Santiago Field Apt. 435,Jamesmouth,OR,68673,2024-07-16
674,Jenny,Walter,jamietyler@example.com,753 Washington Groves,Medinaberg,KS,79928,2024-05-03
675,David,Bennett,msmith@example.com,8948 Gonzalez Center Suite 791,Kimmouth,DE,18815,2024-07-22
676,Michael,Solis,williamschad@example.org,16309 Alejandro Junction Suite 463,East Christine,OK,99031,2024-09-22
677,Angela,Randall,andrewsilva@example.org,3890 Christopher Streets,Lisaville,CT,32770,2025-11-19
678,Jeffrey,Stevens,patricialowery@example.com,34699 Griffin Fort,Port Christophermouth,NV,20212,2025-09-03
679,Patrick,Gilbert,wjohnson@example.com,768 Morris Parks,Masseyborough,MN,19442,2025-08-08
680,Carolyn,Hale,zjackson@example.org,5643 Roach Light,Yushire,IA,85104,2025-08-03
681,Shaun,Mcbride,xarmstrong@example.com,6761 Scott Forks,Michaelview,NJ,21223,2024-07-13
682,Melissa,Newman,meghanwerner@example.com,12198 John Pine,Shawnport,FL,57634,2024-10-01
683,Ruth,Perez,garrett13@example.org,248 Mcmahon Expressway,North Lindsey,ID,79489,2025-08-14
684,Carlos,Garcia,amandamaxwell@example.net,228 John Branch Suite 248,New Williamton,MO,18189,2024-07-12
685,Taylor,Bradford,michelleflowers@example.net,3721 Fernando Rest Apt. 162,West Stevenfort,TX,99363,2024-12-25
686,Amber,Powell,hhayden@example.com,8628 Martinez Camp Apt. 195,Darrellchester,MS,49776,2024-10-16
687,Andrew,Freeman,lewiskimberly@example.org,246 Douglas Forks Suite 476,Marquezstad,FM,27330,2025-02-13
688,Robert,Williams,pennylivingston@example.com,57661 Kelly Passage Suite 071,Markport,NY,22251,2024-03-20
689,Craig,Garner,brian83@example.net,76597 Howell Haven Suite 089,South Katherinechester,WV,67868,2024-04-07
690,Kimberly,Chandler,lutzeric@example.com,742 Kathleen Flat Apt. 964,Robinsonton,ME,02088,2026-02-07
691,James,Hudson,jlloyd@example.com,01204 Buchanan Forges Suite 271,Lake Stevemouth,RI,95911,2026-02-25
692,Melissa,Sosa,barbara85@example.net,298 Drake Tunnel Apt. 306,Nelsonhaven,ME,65889,2026-02-21
693,Vickie,Williams,laurie41@example.org,37218 Gutierrez Locks,Knightport,CO,32285,2024-07-08
694,Timothy,Hebert,hamptonsara@example.org,6267 Matthew Land Apt. 437,Reillyfurt,OR,28554,2025-01-02
695,Melissa,Mitchell,matthewharper@example.net,11102 Vasquez Course Apt. 007,North Dennis,MP,48573,2025-07-21
696,Samantha,Graves,williamspatricia@example.com,91090 Kristine Lock,Rodriguezshire,LA,81167,2025-11-13
697,Charles,Salazar,calvinobrien@example.com,817 Hannah Bypass,Phelpsburgh,UT,62453,2025-10-25
698,Michael,Hicks,desiree66@example.org,533 Hernandez Drives Apt. 109,East Danielmouth,DC,20073,2025-08-22
699,Justin,Cook,beth76@example.com,894 Paula Shoal,West Ericborough,MI,09159,2024-04-16
700,Maureen,Lara,flopez@example.com,572 Mcgee Station Suite 592,Port Kristaview,MT,12719,2025-03-02
701,Vanessa,Hernandez,johnmunoz@example.com,260 Crystal Station,Laurenstad,MA,00859,2024-05-27
702,Kelsey,Costa,jasoncook@example.net,689 Ryan Street Apt. 798,Ambermouth,AZ,37789,2024-11-10
703,Richard,Sims,wellsnatalie@example.com,9374 Snow Walk,Port Jeromeshire,KS,52249,2024-09-21
704,Alyssa,Williams,aallen@example.com,48860 Mack Shore,South Vanessaborough,ND,87177,2025-04-19
705,Kimberly,Wyatt,vcastro@example.org,61537 Cory Summit,Garyport,TN,34198,2025-01-09
706,Rebecca,Harris,michaelhubbard@example.com,811 Morgan Walk Apt. 314,North Kathy,MA,16418,2025-03-12
707,Mary,Nichols,olsonchristina@example.org,52638 Swanson River Apt. 122,Ethanside,ID,63243,2026-03-06
708,Katherine,Bell,melissa61@example.net,23979 Theresa Summit Apt. 787,Morrisstad,ID,06001,2024-04-07
709,Jacob,Duncan,huertasarah@example.net,0571 Megan Ranch Apt. 927,Spencerside,VA,45157,2024-06-07
710,Lisa,Hartman,john86@example.com,04246 Juan Vista,Zavalahaven,MN,10346,2025-03-11
711,Joanna,Russell,zavalamark@example.net,89915 Cody Greens,Lucasville,HI,76052,2024-08-14
712,Lauren,Hall,larry88@example.org,416 Larry Wells Suite 154,East Caseyshire,AL,14503,2025-12-23
713,Brad,Pacheco,qweaver@example.org,52291 Thomas Stream,East Joann,GU,89950,2025-03-19
714,Veronica,Smith,barbara37@example.net,63963 Cooper Lodge,Bartlettport,KY,33141,2025-06-05
715,Pamela,Mann,deborah70@example.org,342 Lisa Prairie Apt. 320,East Julie,VA,09964,2025-07-25
716,Dean,Robinson,andrewsdenise@example.net,061 Clark Divide,Lake Deborah,DE,48834,2024-11-04
717,Robert,Keller,scott32@example.org,3377 Kim Glen Apt. 672,Port Pamelaton,WA,60629,2025-03-30
718,James,Rodriguez,donald42@example.com,8197 Turner Fork,Harrisview,MP,63000,2026-02-14
719,Joseph,Castillo,bconway@example.org,3882 Joseph Land Suite 148,Julietown,CA,74839,2026-02-09
720,Daniel,Roach,lisa89@example.net,780 Susan Islands,Bradleytown,NJ,25852,2024-07-26
721,Jessica,Le,zking@example.com,699 Davis Mountains,East Mark,PR,44560,2024-11-27
722,Katherine,Patel,jperez@example.org,92360 Stuart Place,North Erinside,NV,94667,2024-06-19
723,Joann,Robinson,johnsonalexander@example.net,49731 Mclean Ridge Apt. 149,North Thomas,KY,71420,2024-07-12
724,Katherine,Chandler,nmontoya@example.com,18939 Smith Square Suite 578,North Joanne,SC,75435,2024-03-27
725,Joshua,Jackson,jimwilliams@example.org,32470 Perez Dale,North Jessicaborough,MN,82700,2025-09-16
726,Kathleen,Davenport,emoore@example.org,0250 Gabrielle Manor Apt. 123,East Robertchester,IN,92210,2025-10-27
727,Joseph,Meyer,olivia29@example.net,6297 Stewart Rest,Lake Lauren,MP,03126,2024-08-02
728,Kenneth,Barton,lho@example.org,38187 Blankenship Prairie,North April,ND,30883,2025-10-17
729,John,Williams,allenandrea@example.com,4582 Bradley Overpass,East Leah,IN,92090,2025-06-20
730,April,Weber,hendersoncynthia@example.org,2450 Kathy Tunnel Apt. 001,Frederickshire,CO,11331,2025-07-27
731,Timothy,Trujillo,ibowers@example.net,90255 Chambers Underpass Suite 442,New Lisashire,ND,62993,2024-10-07
732,Alexa,Tate,gregoryhines@example.net,6708 Mcdonald Cape,North Ebonybury,MS,45766,2025-06-20
733,Christopher,Ramsey,alyssa66@example.net,62483 Wood Causeway,Kyleburgh,WY,76106,2024-12-11
734,Bobby,Klein,nbrown@example.org,987 Buchanan Brook Apt. 210,Laurieville,VI,51838,2024-09-12
735,Allison,Zamora,greenjessica@example.net,773 Nicholas Track,New Deborah,MO,35602,2024-09-05
736,Emily,Thomas,smontgomery@example.net,946 Moore Gardens,Avilaberg,MN,95167,2025-08-24
737,Allison,Lewis,susan41@example.com,4625 Todd Way,East Richardbury,VA,89073,2024-12-06
738,Amy,Lopez,susanpruitt@example.org,6464 Palmer Via,Port Jeremiahville,MN,32147,2025-04-22
739,Vincent,White,martin27@example.net,504 Victoria Highway,East Sabrina,IL,47039,2024-08-01
740,Alicia,Matthews,fosterjeffrey@example.org,19787 Amy Rest,East Brittney,SC,89470,2024-08-03
741,Jay,Sullivan,yvonne06@example.org,98756 Steven Parkway,Maxwellhaven,MH,01599,2024-03-19
742,Jack,Hoover,willismatthew@example.com,298 John Lane,Thomasfort,KS,96086,2024-10-05
743,Tiffany,Wilson,nrangel@example.net,5952 Charles Rapids,Port Davidhaven,SC,75871,2024-10-07
744,Amber,Perez,vmoreno@example.org,3223 Charles Mission,Matthewchester,CA,12589,2024-09-14
745,Benjamin,Reese,david86@example.net,0537 Patterson Turnpike,New Heatherville,WA,17381,2025-01-17
746,Meghan,Mcmillan,nancybrown@example.org,6910 Moore Motorway Apt. 531,Port Jeffery,MH,45135,2024-11-27
747,Lisa,Hicks,ryanrodriguez@example.net,8293 Roberts Canyon Apt. 348,Port Allisonmouth,WI,25938,2024-11-17
748,John,Roy,ricklewis@example.net,101 Hayes Square Apt. 908,Victoriashire,VT,08999,2025-10-20
749,Justin,White,espinozashawn@example.com,9996 Kane Shoals,Mariamouth,CO,68948,2024-10-14
750,Amanda,Diaz,kwalsh@example.org,9140 Hudson Turnpike,East Pamela,CT,24743,2025-11-15
751,Lindsay,Walker,kimberlyjordan@example.net,9087 Raymond Crest,Gallaghertown,SD,58433,2024-07-17
752,Jason,Hoffman,abigailrobinson@example.net,382 Mary Haven Apt. 561,Lake Ashley,NE,45241,2024-04-02
753,Linda,Bowers,wgarza@example.net,4186 Cooper Roads,Port Jayside,NJ,56331,2024-05-22
754,Maria,Khan,lindsayedwards@example.com,3468 John Underpass,Melissaview,SC,05817,2025-11-26
755,Marissa,Martin,aaroncontreras@example.net,661 Darryl Track Suite 831,Lake Jamesmouth,GU,03841,2024-04-16
756,Carl,Rose,christopher91@example.net,76283 May Road Apt. 053,Josephfort,NV,58525,2025-05-23
757,Peter,Brown,umcclure@example.com,292 Smith Union Apt. 776,East Arianaland,WI,35044,2024-03-28
758,Sharon,Leonard,carlos33@example.org,12552 Melvin Locks Apt. 781,Smithburgh,TX,13825,2024-05-08
759,Frank,James,karenyoung@example.net,77895 Martinez Forge Suite 184,Josephton,VA,22612,2025-12-03
760,Marcus,Thomas,ccarter@example.org,4037 Evelyn Village Apt. 678,East Rebeccafort,TN,67792,2024-07-14
761,Jacob,Smith,daniellehumphrey@example.net,34862 Navarro Overpass,Hallchester,VI,30861,2025-12-11
762,Amber,Mcdowell,amyferrell@example.com,3970 Floyd Radial,Powellville,NH,63195,2025-08-05
763,Richard,Hurley,rachelholmes@example.org,0682 Donna Extension,East Crystal,MD,88828,2024-07-06
764,Victoria,Shelton,alexis58@example.com,469 Jessica Pike,North Tina,DC,43412,2025-05-01
765,Tanya,Fischer,grantamanda@example.net,69984 Stephanie Crossroad Apt. 509,Lake Meagan,NE,94766,2025-05-23
766,Heather,Romero,deborah49@example.com,145 Garrett Parkways,Riverston,UT,86331,2025-01-28
767,Michael,White,ewest@example.org,97461 Jennifer Shore,Simpsonside,NM,50894,2025-04-12
768,Melody,Andrews,twagner@example.org,8937 Krystal Place,Erintown,MO,84852,2024-07-26
769,Colleen,Young,domingueznicole@example.net,6957 Anthony Crossing Apt. 482,Melissaview,KS,24428,2026-01-23
770,Phillip,Watkins,donaldserrano@example.net,32894 Greer Forges Apt. 891,Richardview,CO,90215,2025-07-22
771,Mark,Patel,jennifer72@example.com,92693 Matthew Rest Suite 138,New Jenniferstad,MN,03864,2026-02-05
772,Tracy,Baker,jherring@example.com,574 Walker Fields,Courtneyville,FM,89030,2025-12-25
773,Madison,Jones,sloancarol@example.org,85934 Christopher Lakes,South Kyle,MD,38990,2025-02-06
774,Mark,Murphy,robinsonglenn@example.net,7813 West Island,North Susanview,PR,20120,2025-08-03
775,Dawn,Rodriguez,johnsonmichael@example.com,819 Hoffman Rapids Apt. 704,Davidhaven,NC,73613,2025-11-28
776,Michael,Martin,savannahgrant@example.com,59867 Ramirez Wall Apt. 275,Tonyaview,ND,83361,2024-11-15
777,Brianna,Oconnell,kristin94@example.org,9116 Johnson Vista,North Bradport,MN,84277,2024-08-26
778,Deborah,Hall,davidwiley@example.org,1305 Castillo Pike Apt. 682,West Kevinhaven,NC,81360,2024-12-17
779,Brenda,Carney,sthomas@example.org,7462 David Vista Apt. 543,New Jefferyburgh,VT,71720,2025-10-23
780,Daniel,Anderson,martinezcatherine@example.net,491 Nicholas Branch,New Johnview,NM,21492,2024-08-08
781,Angela,Cooper,katiepowell@example.net,722 Castillo Islands,Juliestad,OH,82779,2024-09-22
782,Derek,Moore,nguyenchristine@example.net,8316 Andrea Falls Suite 172,South Graceborough,NV,94505,2025-08-26
783,Sara,Rios,suehowe@example.com,29993 Keith Courts,Lloydshire,CA,84433,2024-10-19
784,Angela,Thomas,markcox@example.org,8446 Tracy Rue,Mclaughlinfort,IN,21677,2025-10-23
785,Keith,Mcmahon,jose49@example.com,79970 Ashley Mill,East Brianbury,TN,78606,2025-02-17
786,Alison,Jimenez,lewisjean@example.com,883 Edward Valleys,East Laurafurt,VA,95673,2025-12-02
787,Amy,Thompson,bakerangela@example.net,889 Bailey Fords Suite 852,Lake Amanda,AR,98884,2025-10-10
788,Lisa,Williams,ramirezkevin@example.com,951 Jones Village,East Monica,OK,12765,2024-03-28
789,Edward,Ray,elizabeth14@example.org,8309 Rhonda Ports Suite 713,Davisville,FL,52643,2024-04-16
790,Edward,Hernandez,ericdelacruz@example.net,7201 Darren Light Suite 122,North Christinaton,NV,18325,2025-08-22
791,Dorothy,Schaefer,mrandolph@example.net,49366 Clark Bridge,South Debra,TN,40014,2025-09-30
792,Dale,Duran,gregory14@example.org,825 Barbara Islands Apt. 294,Andersonshire,ID,92333,2025-11-21
793,Virginia,Bell,efranco@example.net,99529 Colon Trail,East Tanyaville,FL,36606,2024-07-29
794,Savannah,Dunn,paul23@example.org,20270 Martinez Ridges Apt. 738,Ramirezburgh,PA,81690,2024-04-25
795,Jennifer,Maynard,lsimmons@example.org,22481 Flores Way Apt. 034,East Briantown,RI,48104,2026-01-04
796,Richard,Crawford,yrichardson@example.com,7955 Coleman Extensions,West Timothy,CT,18439,2025-11-13
797,John,Hamilton,williamsbrian@example.org,30683 Shannon Harbor,South Evanhaven,AZ,71853,2024-03-21
798,Connor,Acosta,seth29@example.org,0713 Ricky Cove,North Steven,IN,44035,2024-05-09
799,Brandon,Berg,tara47@example.com,2130 Annette Falls,Amandahaven,TX,47075,2025-02-01
800,Jade,Carlson,hjohnson@example.net,3396 Lynn Mill,Maryfurt,NE,20019,2024-05-08
801,Brenda,Warren,hollyalvarez@example.org,6661 Hanna Road,Port Carlosville,AR,59081,2025-05-16
802,Elizabeth,Martinez,benjamin49@example.org,949 Leslie Shores,West Kristenton,KS,80528,2025-05-31
803,Benjamin,Lawrence,znoble@example.net,313 Garza Spur Apt. 669,Curtisfurt,CT,19957,2024-08-17
804,Justin,Williams,pduncan@example.org,6238 Aguilar Crescent,Romanland,VT,35118,2024-07-10
805,Ryan,Travis,anthonymcdonald@example.net,211 Brown Estate Apt. 418,East Mikeshire,NY,78550,2025-03-15
806,Victoria,Richards,phyllismiller@example.com,889 Reilly Pass,Port Loriland,ND,52798,2025-12-25
807,Kevin,Taylor,hayesnicole@example.com,785 Randolph Plains,North Lisa,KS,71292,2024-04-15
808,Thomas,Kennedy,poolehector@example.org,149 Davis Rue Apt. 287,Laceychester,OH,66651,2024-06-29
809,Jessica,Myers,dbeck@example.com,531 Conway Corners,Rodriguezchester,AZ,65297,2025-12-29
810,Dawn,Thompson,emily88@example.org,651 Carpenter Walks Suite 240,Milesport,MP,80431,2024-12-12
811,Amy,Le,cjohnson@example.net,17028 Garcia Divide Apt. 593,Hillside,DC,00545,2025-03-14
812,Audrey,Clarke,josephross@example.net,062 Foster Drive,Guzmanland,NE,03391,2025-06-10
813,Bryan,Evans,yolandarodriguez@example.net,9236 Jesse Mountains,Klinemouth,HI,33088,2024-04-13
814,Jonathan,Hawkins,moraleskimberly@example.net,54472 Martinez Court,Stewartton,VI,25830,2025-08-03
815,Joshua,French,emorales@example.com,182 Wheeler Ports Apt. 880,Murrayside,FL,13201,2024-09-26
816,Scott,Gutierrez,cobbmary@example.net,6486 Holly Prairie,Hortonside,NV,41345,2026-01-21
817,Patrick,Edwards,murphybrianna@example.com,19292 Megan Tunnel,Vangbury,UT,50503,2025-12-21
818,Bradley,Wilson,rmiller@example.net,98863 Edwards Loop,North Xavier,KS,43447,2024-12-09
819,Brian,Washington,johnsondiana@example.net,48942 Kelly Lane Suite 489,Reynoldschester,AR,43345,2025-10-09
820,Jose,Smith,leroy57@example.com,097 Tate Forges Apt. 890,Andersonstad,KS,53511,2025-12-12
821,Krista,Dickerson,kayleerogers@example.com,65995 Sara Branch,Martinburgh,DE,23426,2024-07-01
822,Herbert,Gill,epatterson@example.net,6259 Peter Cove Apt. 241,West Reneehaven,GU,33426,2025-04-05
823,Zachary,Price,smithrebecca@example.net,79867 Frey Crossroad,Port Christian,OK,78557,2025-12-17
824,Michael,Galvan,galvanjoshua@example.org,2612 Samantha Center Apt. 843,Petersonchester,MI,91784,2025-05-16
825,Paul,Goodwin,murraymichael@example.net,4824 David Point,New Mark,KS,47952,2025-10-15
826,Tina,Adams,loweruben@example.com,7523 Daniel Fields Apt. 748,Flemingland,NV,57961,2025-12-30
827,Raymond,Clark,deanna27@example.org,88621 Gomez Bridge,Port Melaniefurt,IA,05967,2024-09-14
828,Jennifer,Lee,ylynch@example.org,882 Hanson Forks Suite 340,Port Samanthaville,NY,09561,2025-08-16
829,Randy,Wells,willie16@example.com,4454 Simmons Views,Port Amanda,MN,90735,2024-04-29
830,Carrie,Robinson,smithgina@example.net,91287 Sawyer Street Suite 999,Mcneilhaven,NY,20817,2025-12-18
831,Kathy,George,victoria57@example.net,1472 Bennett Camp,Port Jessicaside,WA,50483,2025-08-13
832,Gregory,Anderson,mariewong@example.net,83391 Theresa Rue Suite 062,East Zachary,NY,06972,2025-08-14
833,Angela,Lewis,davidvelasquez@example.org,20018 Murray Light,North Reneehaven,MP,83257,2025-05-22
834,Miranda,Gillespie,hespinoza@example.org,3561 Brown Stream,New Keith,MD,85681,2024-09-06
835,Sherry,Lawrence,hartmanjoshua@example.net,54695 Austin Flat,South Maryfurt,PW,24405,2024-03-14
836,Lisa,Ramirez,stephanie96@example.com,0066 Henderson Course,North Rebeccafurt,PW,49124,2024-10-16
837,Christopher,Davis,valeriesmith@example.com,69949 Williams Ridges Apt. 583,Barnesborough,LA,73109,2024-06-22
838,Amanda,Bradley,mmoore@example.com,386 Thomas Springs,Harringtonland,MN,04516,2024-12-08
839,Brittany,White,kanthony@example.com,93201 Ryan Squares Suite 789,South Alexis,CO,73022,2025-11-26
840,Kathleen,Baird,sarah17@example.com,517 Bryant Squares Apt. 274,Guzmanland,CT,71517,2025-07-16
841,Mary,Arnold,christopher96@example.org,2229 Cook Radial Apt. 704,Josephberg,CT,73056,2024-11-20
842,Kelly,Tucker,floreskimberly@example.org,225 Rivas Station,Lake Brandonfurt,IN,92792,2025-12-28
843,Robert,Sampson,ijackson@example.com,82895 Smith Corners Suite 882,Lake Jose,NV,32006,2024-05-16
844,Victoria,Jones,adam10@example.com,19509 Megan Valley,Port Dianemouth,HI,56521,2024-05-10
845,Nicole,Manning,staceyatkins@example.com,230 Steven Valleys,Wheelertown,AL,63922,2024-09-15
846,Jackie,Travis,wileyaudrey@example.com,432 Gutierrez Point Apt. 652,Joshuafort,WI,15648,2025-01-08
847,Jessica,Chung,tiffanyharris@example.com,10450 Michael Points,Walkerburgh,CA,61878,2025-12-24
848,Jason,Keith,samuel83@example.com,8064 Williams Meadow,Leeside,IN,94577,2026-03-10
849,Patricia,Galvan,amyponce@example.com,4628 Mark Center,Velasquezview,VT,07070,2024-12-24
850,Shane,Rogers,diazrandy@example.org,090 Barrera Islands,North Trevorport,VA,04112,2025-07-11
851,Carol,Preston,tapiawendy@example.com,90254 Fleming Center Apt. 206,Samanthamouth,GU,35634,2025-08-04
852,Christopher,Thompson,orozcoelizabeth@example.org,9500 Michelle Trace Apt. 151,Jasonburgh,PW,45986,2026-02-16
853,Diana,Parks,scott95@example.org,0717 Megan Mountain Apt. 595,East Elizabethland,AR,01775,2026-02-28
854,Keith,Byrd,taramejia@example.org,910 Bailey Bypass,South Brandon,RI,92084,2026-02-20
855,Justin,Jones,courtney13@example.net,928 Reed Terrace Apt. 595,North Michael,CA,04860,2024-04-24
856,Tamara,Hudson,schneiderraymond@example.com,86774 Kimberly Garden,Masonberg,VT,29049,2025-07-09
857,Ashley,Roberts,michelle00@example.com,6255 Jeffery Roads Suite 017,South Lawrence,DC,51771,2024-07-24
858,Daniel,Medina,brandiburton@example.net,34511 Jo Bypass,Lake Pattychester,MP,89206,2024-04-14
859,John,Walsh,pdixon@example.org,16673 Christina Avenue,Peggymouth,PW,60340,2024-11-11
860,Nancy,Hart,kmorris@example.org,99642 Williams Ville,South Emily,FM,23986,2025-10-15
861,Nicole,Thomas,michael21@example.com,0920 Wilson Unions Suite 238,East Jaimeburgh,CT,85309,2025-10-14
862,Jessica,Jackson,rebecca81@example.net,059 Ryan Trail Apt. 863,Martinside,CO,96226,2025-05-16
863,Lawrence,Brady,sjackson@example.org,800 Stark Neck Apt. 186,New Regina,NJ,23094,2025-10-20
864,Joshua,Ali,michelle18@example.org,720 Gregory Forest,Amandabury,DC,87334,2026-02-01
865,Brian,Davis,tony43@example.net,811 Dickson Lake,Lake Alejandro,DC,96933,2025-06-13
866,Alexander,Johnson,tiffanyhill@example.net,22775 Heather Cove,West Jennifer,AZ,17624,2025-03-14
867,Robert,Mercado,mking@example.org,9377 Kelly Prairie,New Amandaberg,WI,09812,2025-07-24
868,Denise,Ewing,perrynicole@example.net,4690 Brandi Pines,North Sherry,AK,35060,2024-09-09
869,Tammy,Weaver,carl66@example.org,131 Tucker Parkway,West Richardstad,MP,55247,2025-11-17
870,Rebecca,Stevens,reyesjackie@example.org,865 Brown Prairie,Kimberlyview,ME,86487,2024-04-07
871,Tammy,Myers,gailjacobs@example.org,650 Holland Lane,South James,PR,22644,2024-12-18
872,Ryan,Flowers,phillipsdylan@example.org,258 Adams Drive Apt. 880,Averyville,WA,82129,2026-01-21
873,Dylan,Allen,rebecca19@example.net,3385 Paige Stravenue Suite 725,West Amandabury,IA,34676,2026-02-03
874,Stacy,Johnson,chrismccarthy@example.com,0545 Osborne Loaf Suite 757,Matthewsview,VA,83827,2024-11-12
875,James,Rasmussen,ewood@example.com,9861 Clark Harbors Apt. 125,Mitchellside,UT,01539,2025-05-04
876,Sara,Giles,william52@example.com,5966 Richard Falls,Port Sandratown,NH,36700,2024-06-19
877,Micheal,Love,bakerpaul@example.com,489 John Estate,Velasquezport,WI,42016,2025-12-19
878,Jason,Pacheco,oknight@example.net,10081 Bentley View Suite 221,West Jessicamouth,CO,73505,2024-10-03
879,Eric,Cox,jocelyn26@example.net,4701 Lee Estates Apt. 865,East Rebecca,NH,59872,2024-06-16
880,Russell,Fleming,dlopez@example.org,0052 Randolph Circles,West Markhaven,TN,06481,2024-04-07
881,Samantha,Webb,jessicajones@example.org,3160 Perez Ports Apt. 368,South Victoriaton,ID,16442,2024-08-03
882,Cindy,Bell,aprilmyers@example.net,297 Maurice Stravenue,Tammystad,GU,86913,2025-07-24
883,Renee,Hernandez,danielletownsend@example.com,938 Aaron Lakes,Vazquezbury,WY,46905,2024-08-23
884,Jeremy,Simmons,teresa76@example.org,708 Paul Parks,Port Williamburgh,MP,26702,2024-12-15
885,Corey,Henry,randygomez@example.net,821 Wade Ville,Leblancview,ND,34353,2025-10-02
886,Timothy,Nguyen,david33@example.net,28019 King Drives,Annshire,FL,94526,2025-10-29
887,Vicki,Welch,gregorymullen@example.com,2953 Douglas Loaf,Port Penny,WY,95142,2025-02-24
888,Lauren,Jones,schmidtjoseph@example.net,1307 Perez Points Suite 185,North Pamela,CA,29304,2025-09-29
889,Greg,Guerrero,elizabeth39@example.net,561 Cross Turnpike Suite 055,Ashleyburgh,SC,86967,2024-04-30
890,Christopher,Madden,charles95@example.com,0919 Vargas Forest Suite 787,Lindaton,NJ,00570,2025-10-25
891,Andrew,Jackson,elizabethjones@example.net,21241 Ashley Terrace Suite 967,Sullivanshire,NC,62703,2024-08-16
892,Frederick,Henry,zhall@example.net,76075 Wong Manor,Johnborough,SC,90277,2025-05-03
893,Ruth,Steele,dariusdavis@example.com,3089 White Crossing Apt. 021,West Meganstad,NM,50064,2024-09-27
894,Justin,Bowman,timothy00@example.org,764 Gardner Track Suite 764,Watkinsport,FM,12169,2025-01-12
895,James,Zamora,cvazquez@example.com,06355 Thomas Camp Suite 496,South Scott,DE,83730,2025-04-29
896,Michael,Hudson,nwalker@example.org,702 Bailey Estates Apt. 763,Evansland,PR,41659,2025-06-03
897,Sabrina,Oliver,cheryl54@example.com,45443 Fletcher Turnpike Apt. 491,Hudsonshire,IA,99195,2025-05-30
898,Martha,Duffy,joshua74@example.org,4088 Dustin Causeway Suite 862,Cummingsborough,OK,88189,2025-10-30
899,Dawn,Khan,cory21@example.org,02170 Murphy Walk Suite 346,Matthewshire,DC,16971,2024-04-08
900,Alejandro,Turner,ycharles@example.org,939 Mackenzie Divide,Danielville,IL,96686,2025-12-03
901,Mathew,Long,allison96@example.org,570 Arellano Common Apt. 145,Jaimemouth,MO,51342,2024-08-20
902,Charles,Michael,brandon34@example.org,2203 Kyle Highway,West Richard,SD,14628,2024-03-25
903,Jesse,Hayes,sgordon@example.net,008 Page Divide Suite 690,Port Desiree,SD,87357,2026-02-20
904,Samuel,Mitchell,cbaker@example.com,0238 Valentine Estates,Port Angie,KY,55829,2024-12-22
905,Howard,Walton,jamesanderson@example.org,20256 Jason Wells,East Andrewborough,KS,54016,2025-02-17
906,Carlos,Schwartz,xlogan@example.org,2799 Potter Island Apt. 024,Jasonland,MH,23181,2026-01-06
907,Jessica,Hawkins,lisa23@example.org,2028 Ellis Union,North Shawnburgh,GA,87259,2025-10-15
908,Kelly,Ibarra,gonzalesnatasha@example.com,871 May Spurs Suite 546,New Kristinburgh,KS,07060,2024-12-19
909,Danielle,Perez,rmoore@example.com,8122 George Unions,Paulside,LA,93904,2024-09-14
910,William,Stevenson,toddburton@example.com,12110 Alyssa Passage,East Heidiside,MT,97854,2025-06-03
911,Elizabeth,Macdonald,gibsonbrandon@example.com,039 Michael Radial Suite 529,Jillville,NM,13873,2024-07-16
912,Douglas,Vasquez,pgoodman@example.org,20542 Daniel Fall Suite 549,Hornborough,PW,26099,2025-09-03
913,Aaron,Ryan,jamesroberts@example.com,48878 Smith Mountain Apt. 205,Cannonstad,CA,80727,2025-09-23
914,Lawrence,French,ncrawford@example.net,6329 Gutierrez Grove,South Samantha,NJ,42300,2025-10-13
915,Ernest,Howard,andresmiller@example.com,129 Anthony Land Apt. 294,North Marcuschester,IL,06011,2024-06-30
916,Louis,Todd,phall@example.com,629 Beck Falls,South Nicholasmouth,TN,34476,2025-06-10
917,Anthony,Barnett,colton31@example.org,49832 Lori Corner,Port Edwin,MP,23162,2025-10-04
918,Nathan,Phillips,dawsonamanda@example.com,764 Dalton Prairie Apt. 854,South Kyleport,WV,18007,2025-11-13
919,Emily,Williams,gthompson@example.com,873 Meyer Trail Suite 646,Kimberlyville,PA,57562,2025-08-23
920,Jeff,Barrett,bishopjennifer@example.com,13204 Brandon Estates,Amandaville,LA,96542,2025-03-01
921,William,Hobbs,davismichelle@example.com,9999 Johnston Pine,Lake Eugeneborough,DE,96885,2025-04-17
922,Brian,Golden,vortiz@example.net,000 Mayer Summit,New Matthew,ND,52409,2024-07-27
923,Cole,Morris,nguyenharry@example.org,058 Sara Ville,Lake Kimberly,WI,80646,2024-04-26
924,Shannon,Ferguson,dmartin@example.com,28389 Nunez Ford,Port Timothy,MH,98409,2024-05-11
925,Matthew,Wilson,dthompson@example.org,8410 James Shore,East Rachel,VT,80294,2024-07-01
926,Emily,Sweeney,michaellopez@example.net,750 Cisneros Orchard,Cruzton,NE,99528,2025-06-14
927,Mitchell,Perkins,walterssarah@example.net,431 Stuart Mills,Wilsonhaven,UT,15006,2024-11-24
928,Brittney,Riley,amberevans@example.net,02665 Ferguson Track Apt. 959,East Marioborough,ME,81338,2025-03-17
929,Ariana,Farley,mark94@example.net,074 Beth Rest Apt. 747,Port Christina,NE,77868,2026-03-04
930,Kevin,Duran,jwashington@example.org,7485 Sullivan Club Apt. 984,South Stevenport,MP,60575,2025-03-26
931,Crystal,Clark,osbornkelly@example.net,4509 Elizabeth Passage,Liumouth,GA,16002,2025-11-12
932,Valerie,Martin,susanwilliams@example.com,900 Joseph Village Suite 581,North Angela,ND,75622,2025-04-22
933,Nancy,Ballard,timothy88@example.org,1856 Alexis Mission Suite 000,North Erin,VA,51668,2025-09-18
934,Richard,Vargas,deanna05@example.com,84937 Reynolds Port Apt. 870,New Thomaschester,FM,84746,2025-10-20
935,Anthony,Welch,ronaldoneal@example.org,44442 Phillip Harbor,Stephanieside,MH,53043,2025-10-31
936,Nicholas,Turner,graykristin@example.org,5996 Taylor Manors,East Sheila,HI,16869,2025-05-31
937,Martin,Lewis,scott04@example.com,6484 Watson Fork Suite 521,New Jeffrey,AL,64608,2025-11-09
938,Tara,Roberts,jeffery29@example.org,362 Stacey Ways,Lake Kimberlybury,WI,84399,2024-06-24
939,Tara,Simpson,ibarton@example.net,585 Spencer Extension,New Elizabeth,GA,89796,2025-11-17
940,Donald,Villarreal,sullivantiffany@example.com,9171 Matthew Center Apt. 549,West Shaneport,KY,62316,2024-08-27
941,Michael,Lewis,kennethrusso@example.net,71594 Gonzalez Highway Apt. 053,Dixontown,IN,26090,2024-06-11
942,Jeff,Miller,barkerjohn@example.net,0878 Lisa Point,West Laurafort,ND,62788,2024-08-02
943,Justin,Peters,lesliebrown@example.org,4653 Daniel Orchard,North Williamville,MI,56187,2025-07-26
944,Jacob,Ramirez,vcrawford@example.com,629 Chapman Circles Suite 336,New Cassandra,KS,49793,2025-06-14
945,Russell,Bonilla,brian99@example.net,010 Castillo Ports,New Rebeccamouth,GA,12979,2025-08-08
946,Amber,Ortiz,rebecca24@example.com,884 Aguilar Mill Apt. 857,Cynthiashire,MI,99359,2025-03-27
947,Sonia,Harmon,whitecharles@example.net,891 Kevin Plains Apt. 971,Smithmouth,WV,76601,2025-04-02
948,Ruth,Baker,lisa43@example.com,86811 Jessica Route Apt. 388,Karenside,DE,11237,2025-05-08
949,Chelsea,Odom,hillsabrina@example.net,99217 Ray Land,Dylanchester,NE,77204,2024-08-10
950,Madeline,Brooks,julie80@example.net,053 Emily Brooks Apt. 193,North Johnside,DC,75671,2026-03-01
951,Kyle,Lucas,michael36@example.org,858 Melissa Stravenue,North Justinton,FM,18278,2024-10-16
952,Jennifer,Clark,bullocksarah@example.net,66271 Hannah Pass Suite 933,Johnton,VT,01433,2025-06-13
953,Amy,Cantrell,odavis@example.com,315 Hoover Garden Suite 925,Kristyville,CT,50286,2024-10-10
954,Philip,Shelton,kellermary@example.org,2702 Barajas Run Suite 605,West Gregory,CO,50008,2025-10-23
955,Jonathan,Montoya,gjones@example.net,3584 Clayton Canyon Suite 103,East Tracyborough,AL,35111,2024-06-24
956,Robert,Henderson,bakerjonathon@example.com,89395 Sara Ports Suite 906,Moralestown,OK,23268,2024-07-16
957,Amanda,Garrison,uhubbard@example.com,358 Taylor Overpass,South Josephborough,AK,84623,2026-02-17
958,Linda,Moyer,mccormickkatherine@example.com,43988 William Ford,Ramosstad,NY,29657,2025-08-29
959,Jason,Campbell,qcole@example.org,090 Sheri Keys,New Margaret,VI,55437,2026-02-18
960,Jacob,Anderson,michaelcobb@example.org,23190 Cole Dale Apt. 441,North Jasminefort,UT,78038,2025-11-15
961,Joseph,Cunningham,josephcuevas@example.org,97941 Douglas Harbor,Johnsonside,NJ,20295,2025-09-07
962,Tonya,Glenn,lharris@example.com,4224 Joseph Square,East Robert,CT,70437,2025-11-07
963,Brett,Lee,gfox@example.net,07028 West Shoal Apt. 020,New Matthewbury,MO,54778,2025-08-21
964,Chad,Ward,lmullen@example.org,7795 Brian Park,East Matthew,AS,74305,2026-02-15
965,Anthony,Murray,wdavis@example.org,21138 Knight Summit Suite 167,East David,AS,33778,2024-10-29
966,Sandra,Ayala,fsparks@example.org,170 Scott Gardens,Brownberg,GU,30068,2025-09-18
967,Kelly,Buchanan,isaiahthomas@example.net,25239 Campos Divide Apt. 944,Salinasfort,FM,24132,2024-12-11
968,Andrew,Craig,wmay@example.com,27617 Cortez Burg,West Stacy,GU,91208,2024-11-29
969,Amber,Rodriguez,andersondaniel@example.net,8912 Fernandez Lodge,Jessicaside,FM,54715,2024-09-14
970,Angela,Moody,dmartinez@example.com,88447 Johnson Summit,South Lori,OH,12110,2026-02-23
971,Daniel,Johnson,christine92@example.org,0069 Phillip Stream Apt. 353,Amberhaven,NE,35945,2025-02-03
972,Stephanie,Gordon,walkertammy@example.com,6220 Cameron Expressway Apt. 720,Raventown,FM,27781,2025-09-19
973,Aaron,Smith,swright@example.net,3919 Aaron Pike Apt. 141,Yatestown,OR,12604,2024-12-18
974,Karen,Burton,dominicsimpson@example.com,906 Amber Street Suite 481,Castilloview,MS,32606,2024-04-10
975,Andrew,Carlson,gabrielle36@example.org,371 Alexandra Corner,Christopherside,SD,48916,2025-08-01
976,Mark,Thomas,edward03@example.net,015 Mario Garden Suite 660,Morrisshire,PA,78781,2024-09-11
977,Brandi,Padilla,jreynolds@example.net,08240 Jasmine Plains,Lake Williamberg,SD,29663,2025-03-22
978,Candace,Wang,hernandezpamela@example.org,581 Baker Islands,South Jeremy,PW,47491,2025-06-20
979,James,Collins,maxwellgibson@example.org,29182 Rodriguez Crescent Suite 125,Anneport,TN,52612,2024-06-03
980,Anthony,Marshall,jefferybaker@example.com,12838 Stephen Burgs,Lake Natashaburgh,ID,17167,2025-05-01
981,Veronica,Burton,belldavid@example.net,507 Graham Islands Apt. 446,West Dianaberg,NV,55415,2026-03-03
982,Melissa,Evans,rodriguezchristopher@example.org,7347 Jordan Keys,Millerchester,ND,22662,2024-07-09
983,Louis,Garcia,margaretbarnett@example.org,0866 Donovan Square Suite 224,New Natashachester,PR,72037,2025-01-29
984,Melissa,Adams,thomas12@example.net,350 Robert Coves,Vincentfort,ME,19581,2024-06-11
985,Lawrence,Nelson,kyleparker@example.com,212 Matthew Route Suite 495,West Jonathan,WY,23054,2024-03-24
986,Reginald,Vazquez,dawn11@example.org,88182 Wright Walks Suite 343,Ericaport,NY,66389,2025-10-22
987,Jennifer,Rice,brenda68@example.org,4051 Victoria Falls Apt. 254,Lake Kara,CO,95686,2024-07-26
988,Michelle,Wilson,nwilliams@example.net,37218 Brown Centers Apt. 203,New Seanshire,RI,79719,2026-01-07
989,Brandon,Davis,antonio03@example.com,31719 Gill Point Suite 016,Port Vanessa,MI,90120,2025-08-16
990,Tiffany,Ewing,corey47@example.net,0113 Peterson Junction Apt. 107,New Allison,VI,58649,2025-03-29
991,Adam,Taylor,dgeorge@example.net,1616 Angela Passage,Port Christinaberg,DC,27082,2025-07-19
992,Natasha,Chapman,fking@example.org,5307 Castro Coves,East Laurenside,AL,88808,2025-08-22
993,Ana,Mueller,gcamacho@example.org,44323 Maynard Estates,South Brendafurt,PA,88173,2025-09-21
994,Andrea,Bradford,raymond70@example.com,516 John Vista Suite 215,Lake Darrellchester,MH,39585,2025-11-03
995,Paul,Smith,robinsonmichael@example.net,43198 Becky Heights Suite 813,North Kevinville,WA,56217,2025-05-25
996,Lisa,Cervantes,michele02@example.org,67586 Powell Underpass Apt. 395,West Andrea,CO,00912,2024-11-05
997,Lori,Gilmore,rhonda64@example.org,961 Kennedy Plaza Suite 512,South Rebeccamouth,AS,13409,2024-06-17
998,Brittany,Hubbard,vhunter@example.com,60972 Jessica Brook Apt. 446,Kelseychester,WI,61131,2025-02-17
999,Benjamin,Brown,johnsonjames@example.net,56478 Timothy Stream Apt. 317,Kurtbury,NC,02591,2025-09-30
1000,Pamela,Phillips,pittmanwesley@example.com,260 Anna Isle Suite 686,South Jacob,NC,39856,2026-03-10
